{"credit":"MadebyLZLeonwithBlockbench,Contact-Discord:LZBlocks#0261-E-Mail:lzblocks@outlook.com","texture_size":[64,64],"textures":{"0":"plantas:furniture/plants/plants_big_sagopalm","particle":"plantas:furniture/plants/plants_big_sagopalm"},"elements":[{"from":[3,0,3],"to":[13,7,13],"faces":{"north":{"uv":[2.5,2.5,5,4.25],"texture":"#0"},"east":{"uv":[0,2.5,2.5,4.25],"texture":"#0"},"south":{"uv":[7.5,2.5,10,4.25],"texture":"#0"},"west":{"uv":[5,2.5,7.5,4.25],"texture":"#0"},"up":{"uv":[5,2.5,2.5,0],"texture":"#0"},"down":{"uv":[7.5,0,5,2.5],"texture":"#0"}}},{"from":[5,7,5],"to":[11,12,11],"faces":{"north":{"uv":[10,9.25,11.5,10.5],"texture":"#0"},"east":{"uv":[8.5,9.25,10,10.5],"texture":"#0"},"south":{"uv":[13,9.25,14.5,10.5],"texture":"#0"},"west":{"uv":[11.5,9.25,13,10.5],"texture":"#0"},"up":{"uv":[11.5,9.25,10,7.75],"texture":"#0"},"down":{"uv":[13,7.75,11.5,9.25],"texture":"#0"}}},{"from":[5,11.00003,10.6728],"to":[11,18.00003,10.6728],"rotation":{"angle":-22.5,"axis":"x","origin":[0,-0.99997,5.6728]},"faces":{"north":{"uv":[0,11,1.5,12.75],"texture":"#0"},"east":{"uv":[0,11,0,12.75],"texture":"#0"},"south":{"uv":[1.5,11,3,12.75],"texture":"#0"},"west":{"uv":[1.5,11,1.5,12.75],"texture":"#0"},"up":{"uv":[1.5,11,0,11],"texture":"#0"},"down":{"uv":[3,11,1.5,11],"texture":"#0"}}},{"from":[5,21.08238,19.33492],"to":[11,28.08238,19.33492],"rotation":{"angle":-45,"axis":"x","origin":[0,0.08238,14.33492]},"faces":{"north":{"uv":[0,9.25,1.5,11],"texture":"#0"},"east":{"uv":[0,9.25,0,11],"texture":"#0"},"south":{"uv":[1.5,9.25,3,11],"texture":"#0"},"west":{"uv":[1.5,9.25,1.5,11],"texture":"#0"},"up":{"uv":[1.5,9.25,0,9.25],"texture":"#0"},"down":{"uv":[3,9.25,1.5,9.25],"texture":"#0"}}},{"from":[5,11.00003,5.3272],"to":[11,18.00003,5.3272],"rotation":{"angle":22.5,"axis":"x","origin":[0,-0.99997,10.3272]},"faces":{"north":{"uv":[0,11,1.5,12.75],"texture":"#0"},"east":{"uv":[0,11,0,12.75],"texture":"#0"},"south":{"uv":[1.5,11,3,12.75],"texture":"#0"},"west":{"uv":[1.5,11,1.5,12.75],"texture":"#0"},"up":{"uv":[1.5,11,0,11],"texture":"#0"},"down":{"uv":[3,11,1.5,11],"texture":"#0"}}},{"from":[5,21.08238,-3.33492],"to":[11,28.08238,-3.33492],"rotation":{"angle":45,"axis":"x","origin":[0,0.08238,1.66508]},"faces":{"north":{"uv":[0,9.25,1.5,11],"texture":"#0"},"east":{"uv":[0,9.25,0,11],"texture":"#0"},"south":{"uv":[1.5,9.25,3,11],"texture":"#0"},"west":{"uv":[1.5,9.25,1.5,11],"texture":"#0"},"up":{"uv":[1.5,9.25,0,9.25],"texture":"#0"},"down":{"uv":[3,9.25,1.5,9.25],"texture":"#0"}}},{"from":[3,12,8],"to":[13,32,8],"rotation":{"angle":45,"axis":"y","origin":[8,0,8]},"faces":{"north":{"uv":[5,4.25,7.5,9.25],"texture":"#0"},"east":{"uv":[5,4.25,5,9.25],"texture":"#0"},"south":{"uv":[7.5,4.25,10,9.25],"texture":"#0"},"west":{"uv":[7.5,4.25,7.5,9.25],"texture":"#0"},"up":{"uv":[7.5,4.25,5,4.25],"texture":"#0"},"down":{"uv":[10,4.25,7.5,4.25],"texture":"#0"}}},{"from":[10.5,12,3],"to":[10.5,22,13],"rotation":{"angle":22.5,"axis":"z","origin":[8,0,8]},"faces":{"north":{"uv":[2.5,4.25,2.5,6.75],"texture":"#0"},"east":{"uv":[0,4.25,2.5,6.75],"texture":"#0"},"south":{"uv":[5,4.25,5,6.75],"texture":"#0"},"west":{"uv":[2.5,4.25,5,6.75],"texture":"#0"},"up":{"uv":[2.5,4.25,2.5,1.75],"texture":"#0"},"down":{"uv":[2.5,1.75,2.5,4.25],"texture":"#0"}}},{"from":[25.14988,10.10011,3],"to":[25.14988,20.10011,13],"rotation":{"angle":45,"axis":"z","origin":[0.02246,-12.38528,8]},"faces":{"north":{"uv":[2.5,6.75,2.5,9.25],"texture":"#0"},"east":{"uv":[0,6.75,2.5,9.25],"texture":"#0"},"south":{"uv":[5,6.75,5,9.25],"texture":"#0"},"west":{"uv":[2.5,6.75,5,9.25],"texture":"#0"},"up":{"uv":[2.5,6.75,2.5,4.25],"texture":"#0"},"down":{"uv":[2.5,4.25,2.5,6.75],"texture":"#0"}}},{"from":[-9.14988,10.10011,3],"to":[-9.14988,20.10011,13],"shade":false,"rotation":{"angle":-45,"axis":"z","origin":[15.97754,-12.38528,8]},"faces":{"north":{"uv":[2.5,6.75,2.5,9.25],"texture":"#0"},"east":{"uv":[5,6.75,2.5,9.25],"texture":"#0"},"south":{"uv":[5,6.75,5,9.25],"texture":"#0"},"west":{"uv":[2.5,6.75,0,9.25],"texture":"#0"},"up":{"uv":[2.5,6.75,2.5,4.25],"texture":"#0"},"down":{"uv":[2.5,4.25,2.5,6.75],"texture":"#0"}}},{"from":[5.5,12,3],"to":[5.5,22,13],"shade":false,"rotation":{"angle":-22.5,"axis":"z","origin":[8,0,8]},"faces":{"north":{"uv":[2.5,4.25,2.5,6.75],"texture":"#0"},"east":{"uv":[5,4.25,2.5,6.75],"texture":"#0"},"south":{"uv":[5,4.25,5,6.75],"texture":"#0"},"west":{"uv":[2.5,4.25,0,6.75],"texture":"#0"},"up":{"uv":[2.5,4.25,2.5,1.75],"texture":"#0"},"down":{"uv":[2.5,1.75,2.5,4.25],"texture":"#0"}}}],"display":{"thirdperson_righthand":{"rotation":[60,-160,0],"translation":[-0.75,3.5,1.75],"scale":[0.6,0.6,0.6]},"thirdperson_lefthand":{"rotation":[60,-160,0],"translation":[-0.75,3.5,1.75],"scale":[0.6,0.6,0.6]},"firstperson_righthand":{"rotation":[0,-73,6],"translation":[0.75,0.75,0],"scale":[0.4,0.4,0.4]},"firstperson_lefthand":{"rotation":[0,-73,6],"translation":[0.75,0.75,0],"scale":[0.4,0.4,0.4]},"ground":{"translation":[0,1.5,0],"scale":[0.6,0.6,0.6]},"gui":{"rotation":[30,-40,0],"translation":[0,-2.75,0],"scale":[0.47,0.47,0.47]},"head":{"translation":[0,-30.4,0],"scale":[1.6,1.6,1.6]},"fixed":{"rotation":[-90,0,0],"translation":[0,0,-15],"scale":[2,2,2]}}}