{"credit":"MadewithBlockbench","texture_size":[32,32],"textures":{"0":"japan_furniture_v1:japan_furniture_v1/lamp_5_1","particle":"japan_furniture_v1:japan_furniture_v1/lamp_5_1"},"elements":[{"from":[6.5,3.525,6.5],"to":[9.5,6.8,9.5],"rotation":{"angle":0,"axis":"y","origin":[8,4,8]},"faces":{"north":{"uv":[5,0,6.5,1.75],"texture":"#0"},"east":{"uv":[5,0,6.5,1.75],"texture":"#0"},"south":{"uv":[5,0,6.5,1.75],"texture":"#0"},"west":{"uv":[5,0,6.5,1.75],"texture":"#0"},"up":{"uv":[7,3.5,5.5,2],"texture":"#0"},"down":{"uv":[7,3.5,5.5,2],"texture":"#0"}}},{"from":[7.6,-0.92231,4.35518],"to":[8.4,2.27769,5.15518],"rotation":{"angle":22.5,"axis":"x","origin":[8,6.40676,8.20215]},"faces":{"north":{"uv":[8.5,0,8,1.5],"texture":"#0"},"east":{"uv":[8,1.5,8.5,3],"texture":"#0"},"south":{"uv":[8.5,0,8,1.5],"texture":"#0"},"west":{"uv":[8.5,1.5,8,3],"texture":"#0"},"up":{"uv":[9,5,8.5,5.5],"texture":"#0"},"down":{"uv":[9,6,8.5,5.5],"texture":"#0"}}},{"from":[7.6,0.15886,0.95113],"to":[8.4,0.95886,2.55113],"rotation":{"angle":-22.5,"axis":"x","origin":[8,0.55886,0.95113]},"faces":{"north":{"uv":[7,8.5,6.5,9],"texture":"#0"},"east":{"uv":[9.25,2,8.5,2.5],"texture":"#0"},"south":{"uv":[6.5,8.5,6,9],"texture":"#0"},"west":{"uv":[9.25,2,8.5,2.5],"texture":"#0"},"up":{"uv":[3,8.5,2.5,9.25],"texture":"#0"},"down":{"uv":[9,3.25,8.5,2.5],"texture":"#0"}}},{"from":[7.6,0.77115,-0.22093],"to":[8.4,1.57115,1.37907],"rotation":{"angle":22.5,"axis":"x","origin":[8,1.17115,-0.22093]},"faces":{"north":{"uv":[3.75,8.5,3,9],"texture":"#0"},"east":{"uv":[3.75,8.5,3,9],"texture":"#0"},"south":{"uv":[3.75,8.5,3,9],"texture":"#0"},"west":{"uv":[3.75,8.5,3,9],"texture":"#0"},"up":{"uv":[3,9,3.75,8.5],"texture":"#0"},"down":{"uv":[3,9,3.75,8.5],"texture":"#0"}}},{"from":[7.6,0.8016,-0.37401],"to":[8.4,4.6016,0.42599],"rotation":{"angle":0,"axis":"y","origin":[8,2.4016,0.02599]},"faces":{"north":{"uv":[6.5,6.5,6,8.5],"texture":"#0"},"east":{"uv":[7,6.5,6.5,8.5],"texture":"#0"},"south":{"uv":[7,6.5,6.5,8.5],"texture":"#0"},"west":{"uv":[7,6.5,6.5,8.5],"texture":"#0"},"up":{"uv":[9,7,8.5,7.5],"texture":"#0"},"down":{"uv":[8,9,7.5,8.5],"texture":"#0"}}},{"from":[7.51,4.6966,-0.46401],"to":[8.49,7.9066,0.51599],"rotation":{"angle":0,"axis":"y","origin":[8,4.8866,0.02599]},"faces":{"north":{"uv":[8.5,4.5,8,6],"texture":"#0"},"east":{"uv":[8.5,7,8,8.5],"texture":"#0"},"south":{"uv":[8.5,7,8,8.5],"texture":"#0"},"west":{"uv":[8.5,7,8,8.5],"texture":"#0"},"up":{"uv":[9,7.5,8.5,8],"texture":"#0"},"down":{"uv":[8.5,9,8,8.5],"texture":"#0"}}},{"from":[6.6,4.23537,6.02218],"to":[9.4,7.23537,7.24718],"rotation":{"angle":-22.5,"axis":"x","origin":[8,5.16466,8]},"faces":{"north":{"uv":[7,5,5.5,6.5],"texture":"#0"},"east":{"uv":[0,8.5,0.5,10],"texture":"#0"},"south":{"uv":[7,3.5,5.5,5],"texture":"#0"},"west":{"uv":[0.5,8.5,0,10],"texture":"#0"},"up":{"uv":[9.5,6,8,6.5],"texture":"#0"}}},{"from":[1.51159,2.2766,1.44098],"to":[3.11159,4.3766,3.04098],"rotation":{"angle":-45,"axis":"y","origin":[8,3.3266,7.92938]},"faces":{"north":{"uv":[1.25,8.5,0.5,9.5],"texture":"#0"},"east":{"uv":[1.25,8.5,0.5,9.5],"texture":"#0"},"south":{"uv":[9.25,0,8.5,1],"texture":"#0"},"west":{"uv":[1.25,8.5,0.5,9.5],"texture":"#0"},"up":{"uv":[9.25,1,8.5,1.75],"texture":"#0"},"down":{"uv":[2.25,9.25,1.5,8.5],"texture":"#0"}}},{"from":[7.19518,7.80064,0.03599],"to":[8.55482,10.25256,0.03599],"rotation":{"angle":22.5,"axis":"y","origin":[7.875,10.0818,0.07841]},"faces":{"north":{"uv":[7.75,5,7,6.25],"texture":"#0"},"east":{"uv":[0,0,0,1.25],"texture":"#0"},"south":{"uv":[7,5,7.75,6.25],"texture":"#0"},"west":{"uv":[0,0,0,1.25],"texture":"#0"},"up":{"uv":[0.75,0,0,0],"texture":"#0"},"down":{"uv":[0.75,0,0,0],"texture":"#0"}}},{"from":[7.91742,7.80064,-0.60141],"to":[7.91742,10.25256,0.75823],"rotation":{"angle":22.5,"axis":"y","origin":[7.875,10.0818,0.07841]},"faces":{"north":{"uv":[0,0,0,1.25],"texture":"#0"},"east":{"uv":[7.75,5,7,6.25],"texture":"#0"},"south":{"uv":[0,0,0,1.25],"texture":"#0"},"west":{"uv":[7,5,7.75,6.25],"texture":"#0"},"up":{"uv":[0.75,0,0,0],"rotation":90,"texture":"#0"},"down":{"uv":[0.75,0,0,0],"rotation":270,"texture":"#0"}}},{"from":[7.6,5.24557,2.97093],"to":[8.4,6.04557,6.17093],"rotation":{"angle":-22.5,"axis":"x","origin":[8,5.2986,8]},"faces":{"north":{"uv":[9,4.5,8.5,5],"texture":"#0"},"east":{"uv":[7.375,6.5,8.8125,7],"texture":"#0"},"south":{"uv":[7,1.5,6.5,2],"texture":"#0"},"west":{"uv":[8.8125,6.5,7.375,7],"texture":"#0"},"up":{"uv":[5.5,7,5,8.5],"texture":"#0"},"down":{"uv":[5.5,7,5,8.5],"texture":"#0"}}},{"from":[7.6,-0.92231,10.84482],"to":[8.4,2.27769,11.64482],"rotation":{"angle":-22.5,"axis":"x","origin":[8,6.40676,7.79785]},"faces":{"north":{"uv":[8,0,8.5,1.5],"texture":"#0"},"east":{"uv":[8.5,1.5,8,3],"texture":"#0"},"south":{"uv":[8,0,8.5,1.5],"texture":"#0"},"west":{"uv":[8,1.5,8.5,3],"texture":"#0"},"up":{"uv":[9,5.5,8.5,5],"texture":"#0"},"down":{"uv":[9,5.5,8.5,6],"texture":"#0"}}},{"from":[7.6,0.15886,13.44887],"to":[8.4,0.95886,15.04887],"rotation":{"angle":22.5,"axis":"x","origin":[8,0.55886,15.04887]},"faces":{"north":{"uv":[6,8.5,6.5,9],"texture":"#0"},"east":{"uv":[8.5,2,9.25,2.5],"texture":"#0"},"south":{"uv":[6.5,8.5,7,9],"texture":"#0"},"west":{"uv":[8.5,2,9.25,2.5],"texture":"#0"},"up":{"uv":[3,9.25,2.5,8.5],"texture":"#0"},"down":{"uv":[9,2.5,8.5,3.25],"texture":"#0"}}},{"from":[7.6,0.77115,14.62093],"to":[8.4,1.57115,16.22093],"rotation":{"angle":-22.5,"axis":"x","origin":[8,1.17115,16.22093]},"faces":{"north":{"uv":[3,8.5,3.75,9],"texture":"#0"},"east":{"uv":[3,8.5,3.75,9],"texture":"#0"},"south":{"uv":[3,8.5,3.75,9],"texture":"#0"},"west":{"uv":[3,8.5,3.75,9],"texture":"#0"},"up":{"uv":[3,8.5,3.75,9],"texture":"#0"},"down":{"uv":[3,8.5,3.75,9],"texture":"#0"}}},{"from":[7.6,0.8016,15.57401],"to":[8.4,4.6016,16.37401],"rotation":{"angle":0,"axis":"y","origin":[8,2.4016,15.97401]},"faces":{"north":{"uv":[6.5,6.5,7,8.5],"texture":"#0"},"east":{"uv":[6.5,6.5,7,8.5],"texture":"#0"},"south":{"uv":[6,6.5,6.5,8.5],"texture":"#0"},"west":{"uv":[6.5,6.5,7,8.5],"texture":"#0"},"up":{"uv":[9,7.5,8.5,7],"texture":"#0"},"down":{"uv":[8,8.5,7.5,9],"texture":"#0"}}},{"from":[7.51,4.6966,15.48401],"to":[8.49,7.9066,16.46401],"rotation":{"angle":0,"axis":"y","origin":[8,4.8866,15.97401]},"faces":{"north":{"uv":[8,7,8.5,8.5],"texture":"#0"},"east":{"uv":[8,7,8.5,8.5],"texture":"#0"},"south":{"uv":[8,4.5,8.5,6],"texture":"#0"},"west":{"uv":[8,7,8.5,8.5],"texture":"#0"},"up":{"uv":[9,8,8.5,7.5],"texture":"#0"},"down":{"uv":[8.5,8.5,8,9],"texture":"#0"}}},{"from":[6.6,4.23537,8.75282],"to":[9.4,7.23537,9.97782],"rotation":{"angle":22.5,"axis":"x","origin":[8,5.16466,8]},"faces":{"north":{"uv":[5.5,3.5,7,5],"texture":"#0"},"east":{"uv":[0.5,8.5,0,10],"texture":"#0"},"south":{"uv":[5.5,5,7,6.5],"texture":"#0"},"west":{"uv":[0,8.5,0.5,10],"texture":"#0"},"up":{"uv":[9.5,6.5,8,6],"texture":"#0"}}},{"from":[1.51159,2.2766,12.95902],"to":[3.11159,4.3766,14.55902],"rotation":{"angle":45,"axis":"y","origin":[8,3.3266,8.07062]},"faces":{"north":{"uv":[8.5,0,9.25,1],"texture":"#0"},"east":{"uv":[0.5,8.5,1.25,9.5],"texture":"#0"},"south":{"uv":[0.5,8.5,1.25,9.5],"texture":"#0"},"west":{"uv":[0.5,8.5,1.25,9.5],"texture":"#0"},"up":{"uv":[9.25,1.75,8.5,1],"texture":"#0"},"down":{"uv":[2.25,8.5,1.5,9.25],"texture":"#0"}}},{"from":[7.19518,7.80064,15.96401],"to":[8.55482,10.25256,15.96401],"rotation":{"angle":-22.5,"axis":"y","origin":[7.875,10.0818,15.92159]},"faces":{"north":{"uv":[7.75,5,7,6.25],"texture":"#0"},"east":{"uv":[0,0,0,1.25],"texture":"#0"},"south":{"uv":[7,5,7.75,6.25],"texture":"#0"},"west":{"uv":[0,0,0,1.25],"texture":"#0"},"up":{"uv":[0.75,0,0,0],"texture":"#0"},"down":{"uv":[0.75,0,0,0],"texture":"#0"}}},{"from":[7.6,5.24557,9.82907],"to":[8.4,6.04557,13.02907],"rotation":{"angle":22.5,"axis":"x","origin":[8,5.2986,8]},"faces":{"north":{"uv":[6.5,1.5,7,2],"texture":"#0"},"east":{"uv":[8.8125,6.5,7.375,7],"texture":"#0"},"south":{"uv":[8.5,4.5,9,5],"texture":"#0"},"west":{"uv":[7.375,6.5,8.8125,7],"texture":"#0"},"up":{"uv":[5.5,8.5,5,7],"texture":"#0"},"down":{"uv":[5.5,8.5,5,7],"texture":"#0"}}},{"from":[1.64313,2.2766,1.71374],"to":[3.24313,4.3766,3.31374],"rotation":{"angle":45,"axis":"y","origin":[8.13153,3.3266,8.20215]},"faces":{"north":{"uv":[0.5,8.5,1.25,9.5],"texture":"#0"},"east":{"uv":[8.5,0,9.25,1],"texture":"#0"},"south":{"uv":[0.5,8.5,1.25,9.5],"texture":"#0"},"west":{"uv":[0.5,8.5,1.25,9.5],"texture":"#0"},"up":{"uv":[9.25,1.75,8.5,1],"rotation":90,"texture":"#0"},"down":{"uv":[2.25,8.5,1.5,9.25],"rotation":270,"texture":"#0"}}},{"from":[3.17308,5.24557,7.80215],"to":[6.37308,6.04557,8.60215],"rotation":{"angle":22.5,"axis":"z","origin":[8.20215,5.2986,8.20215]},"faces":{"north":{"uv":[7.375,6.5,8.8125,7],"texture":"#0"},"east":{"uv":[6.5,1.5,7,2],"texture":"#0"},"south":{"uv":[8.8125,6.5,7.375,7],"texture":"#0"},"west":{"uv":[8.5,4.5,9,5],"texture":"#0"},"up":{"uv":[5.5,8.5,5,7],"rotation":90,"texture":"#0"},"down":{"uv":[5.5,8.5,5,7],"rotation":270,"texture":"#0"}}},{"from":[0.23814,7.80064,7.39733],"to":[0.23814,10.25256,8.75697],"rotation":{"angle":-22.5,"axis":"y","origin":[0.28056,10.0818,8.07715]},"faces":{"north":{"uv":[0,0,0,1.25],"texture":"#0"},"east":{"uv":[7.75,5,7,6.25],"texture":"#0"},"south":{"uv":[0,0,0,1.25],"texture":"#0"},"west":{"uv":[7,5,7.75,6.25],"texture":"#0"},"up":{"uv":[0.75,0,0,0],"rotation":90,"texture":"#0"},"down":{"uv":[0.75,0,0,0],"rotation":270,"texture":"#0"}}},{"from":[-0.39926,7.80064,8.03473],"to":[0.96038,10.25256,8.03473],"rotation":{"angle":-22.5,"axis":"y","origin":[0.28056,10.0818,8.07715]},"faces":{"north":{"uv":[7,5,7.75,6.25],"texture":"#0"},"east":{"uv":[0,0,0,1.25],"texture":"#0"},"south":{"uv":[7.75,5,7,6.25],"texture":"#0"},"west":{"uv":[0,0,0,1.25],"texture":"#0"},"up":{"uv":[0.75,0,0,0],"rotation":180,"texture":"#0"},"down":{"uv":[0.75,0,0,0],"rotation":180,"texture":"#0"}}},{"from":[6.22433,4.23537,6.80215],"to":[7.44933,7.23537,9.60215],"rotation":{"angle":22.5,"axis":"z","origin":[8.20215,5.16466,8.20215]},"faces":{"north":{"uv":[0,8.5,0.5,10],"texture":"#0"},"east":{"uv":[5.5,3.5,7,5],"texture":"#0"},"south":{"uv":[0.5,8.5,0,10],"texture":"#0"},"west":{"uv":[5.5,5,7,6.5],"texture":"#0"},"up":{"uv":[9.5,6.5,8,6],"rotation":90,"texture":"#0"}}},{"from":[-0.26186,4.6966,7.71215],"to":[0.71814,7.9066,8.69215],"rotation":{"angle":0,"axis":"y","origin":[0.22814,4.8866,8.20215]},"faces":{"north":{"uv":[8,7,8.5,8.5],"texture":"#0"},"east":{"uv":[8,7,8.5,8.5],"texture":"#0"},"south":{"uv":[8,7,8.5,8.5],"texture":"#0"},"west":{"uv":[8,4.5,8.5,6],"texture":"#0"},"up":{"uv":[9,8,8.5,7.5],"rotation":90,"texture":"#0"},"down":{"uv":[8.5,8.5,8,9],"rotation":270,"texture":"#0"}}},{"from":[-0.17186,0.8016,7.80215],"to":[0.62814,4.6016,8.60215],"rotation":{"angle":0,"axis":"y","origin":[0.22814,2.4016,8.20215]},"faces":{"north":{"uv":[6.5,6.5,7,8.5],"texture":"#0"},"east":{"uv":[6.5,6.5,7,8.5],"texture":"#0"},"south":{"uv":[6.5,6.5,7,8.5],"texture":"#0"},"west":{"uv":[6,6.5,6.5,8.5],"texture":"#0"},"up":{"uv":[9,7.5,8.5,7],"rotation":90,"texture":"#0"},"down":{"uv":[8,8.5,7.5,9],"rotation":270,"texture":"#0"}}},{"from":[-0.01878,0.77115,7.80215],"to":[1.58122,1.57115,8.60215],"rotation":{"angle":-22.5,"axis":"z","origin":[-0.01878,1.17115,8.20215]},"faces":{"north":{"uv":[3,8.5,3.75,9],"texture":"#0"},"east":{"uv":[3,8.5,3.75,9],"texture":"#0"},"south":{"uv":[3,8.5,3.75,9],"texture":"#0"},"west":{"uv":[3,8.5,3.75,9],"texture":"#0"},"up":{"uv":[3,8.5,3.75,9],"rotation":90,"texture":"#0"},"down":{"uv":[3,8.5,3.75,9],"rotation":270,"texture":"#0"}}},{"from":[1.15328,0.15886,7.80215],"to":[2.75328,0.95886,8.60215],"rotation":{"angle":22.5,"axis":"z","origin":[1.15328,0.55886,8.20215]},"faces":{"north":{"uv":[8.5,2,9.25,2.5],"texture":"#0"},"east":{"uv":[6,8.5,6.5,9],"texture":"#0"},"south":{"uv":[8.5,2,9.25,2.5],"texture":"#0"},"west":{"uv":[6.5,8.5,7,9],"texture":"#0"},"up":{"uv":[3,9.25,2.5,8.5],"rotation":90,"texture":"#0"},"down":{"uv":[9,2.5,8.5,3.25],"rotation":270,"texture":"#0"}}},{"from":[4.55733,-0.92231,7.80215],"to":[5.35733,2.27769,8.60215],"rotation":{"angle":-22.5,"axis":"z","origin":[8.4043,6.40676,8.20215]},"faces":{"north":{"uv":[8,1.5,8.5,3],"texture":"#0"},"east":{"uv":[8,0,8.5,1.5],"texture":"#0"},"south":{"uv":[8.5,1.5,8,3],"texture":"#0"},"west":{"uv":[8,0,8.5,1.5],"texture":"#0"},"up":{"uv":[9,5.5,8.5,5],"rotation":90,"texture":"#0"},"down":{"uv":[9,5.5,8.5,6],"rotation":270,"texture":"#0"}}},{"from":[10.03122,5.24557,7.80215],"to":[13.23122,6.04557,8.60215],"rotation":{"angle":-22.5,"axis":"z","origin":[8.20215,5.2986,8.20215]},"faces":{"north":{"uv":[8.8125,6.5,7.375,7],"texture":"#0"},"east":{"uv":[9,4.5,8.5,5],"texture":"#0"},"south":{"uv":[7.375,6.5,8.8125,7],"texture":"#0"},"west":{"uv":[7,1.5,6.5,2],"texture":"#0"},"up":{"uv":[5.5,7,5,8.5],"rotation":90,"texture":"#0"},"down":{"uv":[5.5,7,5,8.5],"rotation":270,"texture":"#0"}}},{"from":[16.16616,7.80064,7.39733],"to":[16.16616,10.25256,8.75697],"rotation":{"angle":22.5,"axis":"y","origin":[16.12374,10.0818,8.07715]},"faces":{"north":{"uv":[0,0,0,1.25],"texture":"#0"},"east":{"uv":[7.75,5,7,6.25],"texture":"#0"},"south":{"uv":[0,0,0,1.25],"texture":"#0"},"west":{"uv":[7,5,7.75,6.25],"texture":"#0"},"up":{"uv":[0.75,0,0,0],"rotation":90,"texture":"#0"},"down":{"uv":[0.75,0,0,0],"rotation":270,"texture":"#0"}}},{"from":[15.44392,7.80064,8.11957],"to":[16.80356,10.25256,8.11957],"rotation":{"angle":22.5,"axis":"y","origin":[16.12374,10.0818,8.07715]},"faces":{"north":{"uv":[7,5,7.75,6.25],"texture":"#0"},"east":{"uv":[0,0,0,1.25],"texture":"#0"},"south":{"uv":[7.75,5,7,6.25],"texture":"#0"},"west":{"uv":[0,0,0,1.25],"texture":"#0"},"up":{"uv":[0.75,0,0,0],"rotation":180,"texture":"#0"},"down":{"uv":[0.75,0,0,0],"rotation":180,"texture":"#0"}}},{"from":[13.16117,2.2766,1.71374],"to":[14.76117,4.3766,3.31374],"rotation":{"angle":-45,"axis":"y","origin":[8.27277,3.3266,8.20215]},"faces":{"north":{"uv":[1.25,8.5,0.5,9.5],"texture":"#0"},"east":{"uv":[1.25,8.5,0.5,9.5],"texture":"#0"},"south":{"uv":[1.25,8.5,0.5,9.5],"texture":"#0"},"west":{"uv":[9.25,0,8.5,1],"texture":"#0"},"up":{"uv":[9.25,1,8.5,1.75],"rotation":90,"texture":"#0"},"down":{"uv":[2.25,9.25,1.5,8.5],"rotation":270,"texture":"#0"}}},{"from":[8.95497,4.23537,6.80215],"to":[10.17997,7.23537,9.60215],"rotation":{"angle":-22.5,"axis":"z","origin":[8.20215,5.16466,8.20215]},"faces":{"north":{"uv":[0.5,8.5,0,10],"texture":"#0"},"east":{"uv":[7,5,5.5,6.5],"texture":"#0"},"south":{"uv":[0,8.5,0.5,10],"texture":"#0"},"west":{"uv":[7,3.5,5.5,5],"texture":"#0"},"up":{"uv":[9.5,6,8,6.5],"rotation":90,"texture":"#0"}}},{"from":[15.68616,4.6966,7.71215],"to":[16.66616,7.9066,8.69215],"rotation":{"angle":0,"axis":"y","origin":[16.17616,4.8866,8.20215]},"faces":{"north":{"uv":[8.5,7,8,8.5],"texture":"#0"},"east":{"uv":[8.5,4.5,8,6],"texture":"#0"},"south":{"uv":[8.5,7,8,8.5],"texture":"#0"},"west":{"uv":[8.5,7,8,8.5],"texture":"#0"},"up":{"uv":[9,7.5,8.5,8],"rotation":90,"texture":"#0"},"down":{"uv":[8.5,9,8,8.5],"rotation":270,"texture":"#0"}}},{"from":[15.77616,0.8016,7.80215],"to":[16.57616,4.6016,8.60215],"rotation":{"angle":0,"axis":"y","origin":[16.17616,2.4016,8.20215]},"faces":{"north":{"uv":[7,6.5,6.5,8.5],"texture":"#0"},"east":{"uv":[6.5,6.5,6,8.5],"texture":"#0"},"south":{"uv":[7,6.5,6.5,8.5],"texture":"#0"},"west":{"uv":[7,6.5,6.5,8.5],"texture":"#0"},"up":{"uv":[9,7,8.5,7.5],"rotation":90,"texture":"#0"},"down":{"uv":[8,9,7.5,8.5],"rotation":270,"texture":"#0"}}},{"from":[14.82308,0.77115,7.80215],"to":[16.42308,1.57115,8.60215],"rotation":{"angle":22.5,"axis":"z","origin":[16.42308,1.17115,8.20215]},"faces":{"north":{"uv":[3.75,8.5,3,9],"texture":"#0"},"east":{"uv":[3.75,8.5,3,9],"texture":"#0"},"south":{"uv":[3.75,8.5,3,9],"texture":"#0"},"west":{"uv":[3.75,8.5,3,9],"texture":"#0"},"up":{"uv":[3,9,3.75,8.5],"rotation":90,"texture":"#0"},"down":{"uv":[3,9,3.75,8.5],"rotation":270,"texture":"#0"}}},{"from":[13.65102,0.15886,7.80215],"to":[15.25102,0.95886,8.60215],"rotation":{"angle":-22.5,"axis":"z","origin":[15.25102,0.55886,8.20215]},"faces":{"north":{"uv":[9.25,2,8.5,2.5],"texture":"#0"},"east":{"uv":[7,8.5,6.5,9],"texture":"#0"},"south":{"uv":[9.25,2,8.5,2.5],"texture":"#0"},"west":{"uv":[6.5,8.5,6,9],"texture":"#0"},"up":{"uv":[3,8.5,2.5,9.25],"rotation":90,"texture":"#0"},"down":{"uv":[9,3.25,8.5,2.5],"rotation":270,"texture":"#0"}}},{"from":[11.04697,-0.92231,7.80215],"to":[11.84697,2.27769,8.60215],"rotation":{"angle":22.5,"axis":"z","origin":[8,6.40676,8.20215]},"faces":{"north":{"uv":[8.5,1.5,8,3],"texture":"#0"},"east":{"uv":[8.5,0,8,1.5],"texture":"#0"},"south":{"uv":[8,1.5,8.5,3],"texture":"#0"},"west":{"uv":[8.5,0,8,1.5],"texture":"#0"},"up":{"uv":[9,5,8.5,5.5],"rotation":90,"texture":"#0"},"down":{"uv":[9,6,8.5,5.5],"rotation":270,"texture":"#0"}}},{"from":[6.8,6.7,6.8],"to":[9.2,7.3,9.2],"rotation":{"angle":0,"axis":"y","origin":[8,4,8]},"faces":{"north":{"uv":[4.5,8.5,5.75,8.75],"texture":"#0"},"east":{"uv":[4.5,8.5,5.75,8.75],"texture":"#0"},"south":{"uv":[4.5,8.5,5.75,8.75],"texture":"#0"},"west":{"uv":[4.5,8.5,5.75,8.75],"texture":"#0"},"up":{"uv":[7.75,1.25,6.5,0],"texture":"#0"}}},{"from":[6.8,16.7,6.8],"to":[9.2,17.3,9.2],"rotation":{"angle":0,"axis":"y","origin":[8,4,8]},"faces":{"north":{"uv":[4.5,8.5,5.75,8.75],"texture":"#0"},"east":{"uv":[4.5,8.5,5.75,8.75],"texture":"#0"},"south":{"uv":[4.5,8.5,5.75,8.75],"texture":"#0"},"west":{"uv":[4.5,8.5,5.75,8.75],"texture":"#0"},"up":{"uv":[7.75,1.25,6.5,0],"texture":"#0"}}},{"from":[7.1,4.3016,15.07401],"to":[8.9,4.9016,16.87401],"rotation":{"angle":-45,"axis":"y","origin":[8,4.3016,15.97401]},"faces":{"north":{"uv":[8.5,8,9.5,8.25],"texture":"#0"},"east":{"uv":[8.5,8,9.5,8.25],"texture":"#0"},"south":{"uv":[8.5,8,9.5,8.25],"texture":"#0"},"west":{"uv":[8.5,8,9.5,8.25],"texture":"#0"},"up":{"uv":[8,2.5,7,1.5],"texture":"#0"},"down":{"uv":[8,2.5,7,3.5],"texture":"#0"}}},{"from":[7.83258,7.80064,15.24177],"to":[7.83258,10.25256,16.60141],"rotation":{"angle":-22.5,"axis":"y","origin":[7.875,10.0818,15.92159]},"faces":{"north":{"uv":[0,0,0,1.25],"texture":"#0"},"east":{"uv":[7.75,5,7,6.25],"texture":"#0"},"south":{"uv":[0,0,0,1.25],"texture":"#0"},"west":{"uv":[7,5,7.75,6.25],"texture":"#0"},"up":{"uv":[0.75,0,0,0],"rotation":90,"texture":"#0"},"down":{"uv":[0.75,0,0,0],"rotation":270,"texture":"#0"}}},{"from":[7.51,6.595,7.51],"to":[8.49,16.805,8.49],"rotation":{"angle":0,"axis":"y","origin":[8,4,8]},"faces":{"north":{"uv":[5,2,5.5,7],"texture":"#0"},"east":{"uv":[5.5,2,5,7],"texture":"#0"},"south":{"uv":[5,2,5.5,7],"texture":"#0"},"west":{"uv":[5.5,2,5,7],"texture":"#0"},"down":{"uv":[9.5,2.5,9,3],"texture":"#0"}}},{"from":[8,-0.5,7.5],"to":[8,16.7,17.1],"rotation":{"angle":0,"axis":"y","origin":[8,8.1,8]},"faces":{"north":{"uv":[0,0,0,8.5],"texture":"#0"},"east":{"uv":[4.75,0,0,8.5],"texture":"#0"},"south":{"uv":[0,0,0,8.5],"texture":"#0"},"west":{"uv":[0,0,4.75,8.5],"texture":"#0"},"up":{"uv":[0,4.75,0,0],"texture":"#0"},"down":{"uv":[0,0,0,4.75],"texture":"#0"}}},{"from":[-1.1,-0.5,8],"to":[8.5,16.7,8],"rotation":{"angle":0,"axis":"y","origin":[8,8.1,8]},"faces":{"north":{"uv":[0,0,4.75,8.5],"texture":"#0"},"east":{"uv":[0,0,0,8.5],"texture":"#0"},"south":{"uv":[4.75,0,0,8.5],"texture":"#0"},"west":{"uv":[0,0,0,8.5],"texture":"#0"},"up":{"uv":[0,4.75,0,0],"rotation":90,"texture":"#0"},"down":{"uv":[0,0,0,4.75],"rotation":270,"texture":"#0"}}},{"from":[8,-0.5,-1.1],"to":[8,16.7,8.5],"rotation":{"angle":0,"axis":"y","origin":[8,8.1,8]},"faces":{"north":{"uv":[0,0,0,8.5],"texture":"#0"},"east":{"uv":[0,0,4.75,8.5],"texture":"#0"},"south":{"uv":[0,0,0,8.5],"texture":"#0"},"west":{"uv":[4.75,0,0,8.5],"texture":"#0"},"up":{"uv":[0,4.75,0,0],"rotation":180,"texture":"#0"},"down":{"uv":[0,0,0,4.75],"rotation":180,"texture":"#0"}}},{"from":[7.5,-0.5,8],"to":[17.1,16.7,8],"rotation":{"angle":0,"axis":"y","origin":[8,8.1,8]},"faces":{"north":{"uv":[4.75,0,0,8.5],"texture":"#0"},"east":{"uv":[0,0,0,8.5],"texture":"#0"},"south":{"uv":[0,0,4.75,8.5],"texture":"#0"},"west":{"uv":[0,0,0,8.5],"texture":"#0"},"up":{"uv":[0,4.75,0,0],"rotation":270,"texture":"#0"},"down":{"uv":[0,0,0,4.75],"rotation":90,"texture":"#0"}}}],"gui_light":"front","display":{"thirdperson_righthand":{"translation":[0,3,0],"scale":[0.39,0.39,0.4]},"thirdperson_lefthand":{"translation":[0,3.75,0],"scale":[0.39,0.39,0.4]},"firstperson_righthand":{"translation":[0,2.25,0],"scale":[0,0,0]},"firstperson_lefthand":{"scale":[0,0,0]},"ground":{"scale":[0.48,0.49,0.49]},"gui":{"rotation":[34,39,0],"translation":[0,0.25,0],"scale":[0.82,0.82,0.81]},"head":{"translation":[0,-35.5,0],"scale":[4,4,4]},"fixed":{"translation":[0,0,-9.25]}}}