{"credit":"MadewithBlockbench","texture_size":[32,32],"textures":{"1":"japan_furniture_v2:japan_furniture_v2/bas_jf_joss-pot"},"elements":[{"from":[3.5,0,4],"to":[12.5,6,13],"faces":{"north":{"uv":[4.5,0,9,3],"texture":"#1"},"east":{"uv":[10,0,14.5,3],"texture":"#1"},"south":{"uv":[4.5,0,9,3],"texture":"#1"},"west":{"uv":[10,0,14.5,3],"texture":"#1"},"up":{"uv":[4.5,4.5,0,0],"texture":"#1"},"down":{"uv":[4.5,4.5,0,9],"texture":"#1"}}},{"from":[4.5,6,5],"to":[11.5,7,12],"faces":{"north":{"uv":[4.5,3,8,3.5],"texture":"#1"},"east":{"uv":[4.5,3,8,3.5],"texture":"#1"},"south":{"uv":[4.5,3,8,3.5],"texture":"#1"},"west":{"uv":[4.5,3,8,3.5],"texture":"#1"},"up":{"uv":[8,7,4.5,3.5],"texture":"#1"}}},{"from":[10.5,0,11.25],"to":[12.5,6.5,13.25],"faces":{"north":{"uv":[9,0,10,3.25],"texture":"#1"},"east":{"uv":[10,0,9,3.25],"texture":"#1"},"south":{"uv":[9,0,10,3.25],"texture":"#1"},"west":{"uv":[10,0,9,3.25],"texture":"#1"},"up":{"uv":[10,4.25,9,3.25],"texture":"#1"},"down":{"uv":[10,4.25,9,3.25],"texture":"#1"}}},{"from":[10.5,0,3.75],"to":[12.5,6.5,5.75],"faces":{"north":{"uv":[9,0,10,3.25],"texture":"#1"},"east":{"uv":[10,0,9,3.25],"texture":"#1"},"south":{"uv":[9,0,10,3.25],"texture":"#1"},"west":{"uv":[10,0,9,3.25],"texture":"#1"},"up":{"uv":[10,4.25,9,3.25],"texture":"#1"},"down":{"uv":[10,4.25,9,3.25],"texture":"#1"}}},{"from":[3.5,0,3.75],"to":[5.5,6.5,5.75],"faces":{"north":{"uv":[9,0,10,3.25],"texture":"#1"},"east":{"uv":[10,0,9,3.25],"texture":"#1"},"south":{"uv":[9,0,10,3.25],"texture":"#1"},"west":{"uv":[10,0,9,3.25],"texture":"#1"},"up":{"uv":[10,4.25,9,3.25],"texture":"#1"},"down":{"uv":[10,4.25,9,3.25],"texture":"#1"}}},{"from":[2.5,0,7.5],"to":[4.5,6.5,9.5],"faces":{"north":{"uv":[9,0,10,3.25],"texture":"#1"},"east":{"uv":[10,0,9,3.25],"texture":"#1"},"south":{"uv":[9,0,10,3.25],"texture":"#1"},"west":{"uv":[10,0,9,3.25],"texture":"#1"},"up":{"uv":[10,4.25,9,3.25],"texture":"#1"},"down":{"uv":[10,4.25,9,3.25],"texture":"#1"}}},{"from":[11.5,0,7.5],"to":[13.5,6.5,9.5],"faces":{"north":{"uv":[9,0,10,3.25],"texture":"#1"},"east":{"uv":[10,0,9,3.25],"texture":"#1"},"south":{"uv":[9,0,10,3.25],"texture":"#1"},"west":{"uv":[10,0,9,3.25],"texture":"#1"},"up":{"uv":[10,4.25,9,3.25],"texture":"#1"},"down":{"uv":[10,4.25,9,3.25],"texture":"#1"}}},{"from":[3.5,0,11.25],"to":[5.5,6.5,13.25],"faces":{"north":{"uv":[9,0,10,3.25],"texture":"#1"},"east":{"uv":[10,0,9,3.25],"texture":"#1"},"south":{"uv":[9,0,10,3.25],"texture":"#1"},"west":{"uv":[10,0,9,3.25],"texture":"#1"},"up":{"uv":[10,4.25,9,3.25],"texture":"#1"},"down":{"uv":[10,4.25,9,3.25],"texture":"#1"}}}],"display":{"thirdperson_righthand":{"rotation":[72,0,0],"translation":[0,1.5,1],"scale":[0.45,0.46,0.46]},"thirdperson_lefthand":{"rotation":[72,0,0],"translation":[0,1.5,1],"scale":[0.45,0.46,0.46]},"firstperson_righthand":{"scale":[0,0,0]},"firstperson_lefthand":{"scale":[0,0,0]},"ground":{"translation":[0,2.5,0],"scale":[0.59,0.59,0.6]},"gui":{"rotation":[16,156,0],"translation":[0,3.25,0],"scale":[1.2,1.2,1.26]},"head":{"translation":[0,-24,0],"scale":[2.43,2.43,2.45]},"fixed":{"rotation":[-20,0,0],"translation":[0,2,-6.5]}}}