{"credit":"MadewithBlockbench","texture_size":[128,128],"textures":{"0":"elitecreatures:rome_empire_furniture_v1/05_sun_lounger_texture","particle":"elitecreatures:rome_empire_furniture_v1/05_sun_lounger_texture"},"elements":[{"from":[2,8,1],"to":[14,10,24],"rotation":{"angle":0,"axis":"y","origin":[0,5,0]},"faces":{"north":{"uv":[6.5625,2.5,8.0625,2.75],"texture":"#0"},"east":{"uv":[8.875,2.5,6,2.75],"texture":"#0"},"south":{"uv":[6,3,7.5,3.25],"texture":"#0"},"west":{"uv":[6,2.5,8.875,2.75],"texture":"#0"},"up":{"uv":[1.875,8.875,0.375,6],"texture":"#0"},"down":{"uv":[3.375,6,1.875,8.875],"texture":"#0"}}},{"from":[2.01,8,24],"to":[13.99,10,32],"rotation":{"angle":-45,"axis":"x","origin":[8,8,24]},"faces":{"north":{"uv":[5,1.75,6.5,2],"texture":"#0"},"east":{"uv":[6,2.5,5,2.75],"texture":"#0"},"south":{"uv":[5.6875,2.5,7.1875,2.75],"texture":"#0"},"west":{"uv":[5,2.5,6,2.75],"texture":"#0"},"up":{"uv":[1.5,5,0,4],"texture":"#0"},"down":{"uv":[1.5,5,0,4],"texture":"#0"}}},{"from":[1,6,0],"to":[15,8,32],"rotation":{"angle":0,"axis":"y","origin":[0,6,0]},"faces":{"north":{"uv":[5,1,6.75,1.25],"texture":"#0"},"east":{"uv":[5,0,9,0.25],"texture":"#0"},"south":{"uv":[5,1,6.75,1.25],"texture":"#0"},"west":{"uv":[5,0,9,0.25],"texture":"#0"},"up":{"uv":[1.75,4,0,0],"texture":"#0"},"down":{"uv":[3.5,0,1.75,4],"texture":"#0"}}},{"from":[12,8,29],"to":[14,14,31],"rotation":{"angle":0,"axis":"y","origin":[0,6,0]},"faces":{"north":{"uv":[0.25,5.25,0,6],"texture":"#0"},"east":{"uv":[3.5,4.75,3.25,5.5],"texture":"#0"},"south":{"uv":[0,5.25,0.25,6],"texture":"#0"},"west":{"uv":[3.25,4.75,3.5,5.5],"texture":"#0"},"up":{"uv":[1.25,5.875,1,5.625],"texture":"#0"},"down":{"uv":[1.5,5.625,1.25,5.875],"texture":"#0"}}},{"from":[4,12,29],"to":[12,14,31],"rotation":{"angle":0,"axis":"y","origin":[0,6,0]},"faces":{"north":{"uv":[5,3,6,3.25],"texture":"#0"},"east":{"uv":[1.5,5.625,1.75,5.875],"texture":"#0"},"south":{"uv":[5,3,6,3.25],"texture":"#0"},"west":{"uv":[1.75,5.625,2,5.875],"texture":"#0"},"up":{"uv":[6,3.5,5,3.25],"texture":"#0"},"down":{"uv":[6,3.25,5,3.5],"texture":"#0"}}},{"from":[2,8,29],"to":[4,14,31],"rotation":{"angle":0,"axis":"y","origin":[0,6,0]},"faces":{"north":{"uv":[3.25,4.75,3,5.5],"texture":"#0"},"east":{"uv":[3.5,4.75,3.25,5.5],"texture":"#0"},"south":{"uv":[3,4.75,3.25,5.5],"texture":"#0"},"west":{"uv":[3.25,4.75,3.5,5.5],"texture":"#0"},"up":{"uv":[0.75,5.875,0.5,5.625],"texture":"#0"},"down":{"uv":[1,5.625,0.75,5.875],"texture":"#0"}}},{"from":[2,1.5,1],"to":[4,6,3],"rotation":{"angle":0,"axis":"y","origin":[3,3.125,2]},"faces":{"north":{"uv":[3.5,0,3.75,0.5625],"texture":"#0"},"east":{"uv":[3.5,0,3.75,0.5625],"texture":"#0"},"south":{"uv":[3.5,0,3.75,0.5625],"texture":"#0"},"west":{"uv":[3.5,0,3.75,0.5625],"texture":"#0"},"up":{"uv":[3.75,3.5,3.5,3.25],"texture":"#0"},"down":{"uv":[3.75,3.5,3.5,3.75],"texture":"#0"}}},{"from":[2.5,1,1.5],"to":[3.5,1.5,2.5],"rotation":{"angle":0,"axis":"y","origin":[3,3.125,2]},"faces":{"north":{"uv":[4,1.125,4.125,1.1875],"texture":"#0"},"east":{"uv":[4,1.25,4.125,1.3125],"texture":"#0"},"south":{"uv":[4,1.375,4.125,1.4375],"texture":"#0"},"west":{"uv":[1.5,4,1.625,4.0625],"texture":"#0"},"up":{"uv":[4,3.5,3.875,3.375],"texture":"#0"},"down":{"uv":[4.125,1,4,1.125],"texture":"#0"}}},{"from":[2,4.75,1],"to":[4,6.75,1.5],"rotation":{"angle":-22.5,"axis":"x","origin":[3,4.75,1]},"faces":{"north":{"uv":[3.75,0,4,0.25],"texture":"#0"},"east":{"uv":[3.75,3.25,3.8125,3.5],"texture":"#0"},"south":{"uv":[3.75,0.25,4,0.5],"texture":"#0"},"west":{"uv":[3.5,3.75,3.5625,4],"texture":"#0"},"up":{"uv":[4,3.5625,3.75,3.5],"texture":"#0"},"down":{"uv":[3.875,3.75,3.625,3.8125],"texture":"#0"}}},{"from":[2,4.75,2.5],"to":[4,6.75,3],"rotation":{"angle":22.5,"axis":"x","origin":[3,4.75,3]},"faces":{"north":{"uv":[3.75,0.5,4,0.75],"texture":"#0"},"east":{"uv":[3.875,2.5,3.9375,2.75],"texture":"#0"},"south":{"uv":[3.75,0,4,0.25],"texture":"#0"},"west":{"uv":[3.875,2.75,3.9375,3],"texture":"#0"},"up":{"uv":[4,3.6875,3.75,3.625],"texture":"#0"},"down":{"uv":[4.125,3,3.875,3.0625],"texture":"#0"}}},{"from":[1.68596,5.21029,1],"to":[2.18596,7.21029,3],"rotation":{"angle":22.5,"axis":"z","origin":[3,5.76955,2]},"faces":{"north":{"uv":[4,0,4.0625,0.25],"texture":"#0"},"east":{"uv":[3.75,1.5,4,1.75],"texture":"#0"},"south":{"uv":[4,0.25,4.0625,0.5],"texture":"#0"},"west":{"uv":[3.75,0,4,0.25],"texture":"#0"},"up":{"uv":[4.0625,0.75,4,0.5],"texture":"#0"},"down":{"uv":[4.0625,0.75,4,1],"texture":"#0"}}},{"from":[3.81404,5.21029,1],"to":[4.31404,7.21029,3],"rotation":{"angle":-22.5,"axis":"z","origin":[3,5.76955,2]},"faces":{"north":{"uv":[3.875,3.125,3.9375,3.375],"texture":"#0"},"east":{"uv":[3.75,0,4,0.25],"texture":"#0"},"south":{"uv":[3.625,3.875,3.6875,4.125],"texture":"#0"},"west":{"uv":[3.75,1.25,4,1.5],"texture":"#0"},"up":{"uv":[3.8125,4.125,3.75,3.875],"texture":"#0"},"down":{"uv":[3.9375,3.75,3.875,4],"texture":"#0"}}},{"from":[1.75,0,0.75],"to":[4.25,1,3.25],"rotation":{"angle":0,"axis":"y","origin":[3,3.125,2]},"faces":{"north":{"uv":[3.75,2,4.0625,2.125],"texture":"#0"},"east":{"uv":[3.75,2,4.0625,2.125],"texture":"#0"},"south":{"uv":[3.75,2,4.0625,2.125],"texture":"#0"},"west":{"uv":[3.75,2,4.0625,2.125],"texture":"#0"},"up":{"uv":[3.8125,2.8125,3.5,2.5],"texture":"#0"},"down":{"uv":[3.8125,2.875,3.5,3.1875],"texture":"#0"}}},{"from":[12,1.5,1],"to":[14,6,3],"rotation":{"angle":0,"axis":"y","origin":[13,3.125,2]},"faces":{"north":{"uv":[3.75,0,3.5,0.5625],"texture":"#0"},"east":{"uv":[3.75,0,3.5,0.5625],"texture":"#0"},"south":{"uv":[3.75,0,3.5,0.5625],"texture":"#0"},"west":{"uv":[3.75,0,3.5,0.5625],"texture":"#0"},"up":{"uv":[3.5,3.5,3.75,3.25],"texture":"#0"},"down":{"uv":[3.5,3.5,3.75,3.75],"texture":"#0"}}},{"from":[12.5,1,1.5],"to":[13.5,1.5,2.5],"rotation":{"angle":0,"axis":"y","origin":[13,3.125,2]},"faces":{"north":{"uv":[4.125,1.125,4,1.1875],"texture":"#0"},"east":{"uv":[1.625,4,1.5,4.0625],"texture":"#0"},"south":{"uv":[4.125,1.375,4,1.4375],"texture":"#0"},"west":{"uv":[4.125,1.25,4,1.3125],"texture":"#0"},"up":{"uv":[3.875,3.5,4,3.375],"texture":"#0"},"down":{"uv":[4,1,4.125,1.125],"texture":"#0"}}},{"from":[12,4.75,1],"to":[14,6.75,1.5],"rotation":{"angle":-22.5,"axis":"x","origin":[13,4.75,1]},"faces":{"north":{"uv":[4,0,3.75,0.25],"texture":"#0"},"east":{"uv":[3.5625,3.75,3.5,4],"texture":"#0"},"south":{"uv":[4,0.25,3.75,0.5],"texture":"#0"},"west":{"uv":[3.8125,3.25,3.75,3.5],"texture":"#0"},"up":{"uv":[3.75,3.5625,4,3.5],"texture":"#0"},"down":{"uv":[3.625,3.75,3.875,3.8125],"texture":"#0"}}},{"from":[12,4.75,2.5],"to":[14,6.75,3],"rotation":{"angle":22.5,"axis":"x","origin":[13,4.75,3]},"faces":{"north":{"uv":[4,0.5,3.75,0.75],"texture":"#0"},"east":{"uv":[3.9375,2.75,3.875,3],"texture":"#0"},"south":{"uv":[4,0,3.75,0.25],"texture":"#0"},"west":{"uv":[3.9375,2.5,3.875,2.75],"texture":"#0"},"up":{"uv":[3.75,3.6875,4,3.625],"texture":"#0"},"down":{"uv":[3.875,3,4.125,3.0625],"texture":"#0"}}},{"from":[13.81404,5.21029,1],"to":[14.31404,7.21029,3],"rotation":{"angle":-22.5,"axis":"z","origin":[13,5.76955,2]},"faces":{"north":{"uv":[4.0625,0,4,0.25],"texture":"#0"},"east":{"uv":[4,0,3.75,0.25],"texture":"#0"},"south":{"uv":[4.0625,0.25,4,0.5],"texture":"#0"},"west":{"uv":[4,1.5,3.75,1.75],"texture":"#0"},"up":{"uv":[4,0.75,4.0625,0.5],"texture":"#0"},"down":{"uv":[4,0.75,4.0625,1],"texture":"#0"}}},{"from":[11.68596,5.21029,1],"to":[12.18596,7.21029,3],"rotation":{"angle":22.5,"axis":"z","origin":[13,5.76955,2]},"faces":{"north":{"uv":[3.9375,3.125,3.875,3.375],"texture":"#0"},"east":{"uv":[4,1.25,3.75,1.5],"texture":"#0"},"south":{"uv":[3.6875,3.875,3.625,4.125],"texture":"#0"},"west":{"uv":[4,0,3.75,0.25],"texture":"#0"},"up":{"uv":[3.75,4.125,3.8125,3.875],"texture":"#0"},"down":{"uv":[3.875,3.75,3.9375,4],"texture":"#0"}}},{"from":[11.75,0,0.75],"to":[14.25,1,3.25],"rotation":{"angle":0,"axis":"y","origin":[13,3.125,2]},"faces":{"north":{"uv":[4.0625,2,3.75,2.125],"texture":"#0"},"east":{"uv":[4.0625,2,3.75,2.125],"texture":"#0"},"south":{"uv":[4.0625,2,3.75,2.125],"texture":"#0"},"west":{"uv":[4.0625,2,3.75,2.125],"texture":"#0"},"up":{"uv":[3.5,2.8125,3.8125,2.5],"texture":"#0"},"down":{"uv":[3.5,2.875,3.8125,3.1875],"texture":"#0"}}},{"from":[2,1.5,29],"to":[4,6,31],"rotation":{"angle":0,"axis":"y","origin":[3,3.125,30]},"faces":{"north":{"uv":[3.75,0,3.5,0.5625],"texture":"#0"},"east":{"uv":[3.75,0,3.5,0.5625],"texture":"#0"},"south":{"uv":[3.75,0,3.5,0.5625],"texture":"#0"},"west":{"uv":[3.75,0,3.5,0.5625],"texture":"#0"},"up":{"uv":[3.75,3.25,3.5,3.5],"texture":"#0"},"down":{"uv":[3.75,3.75,3.5,3.5],"texture":"#0"}}},{"from":[2.5,1,29.5],"to":[3.5,1.5,30.5],"rotation":{"angle":0,"axis":"y","origin":[3,3.125,30]},"faces":{"north":{"uv":[4.125,1.375,4,1.4375],"texture":"#0"},"east":{"uv":[4.125,1.25,4,1.3125],"texture":"#0"},"south":{"uv":[4.125,1.125,4,1.1875],"texture":"#0"},"west":{"uv":[1.625,4,1.5,4.0625],"texture":"#0"},"up":{"uv":[4,3.375,3.875,3.5],"texture":"#0"},"down":{"uv":[4.125,1.125,4,1],"texture":"#0"}}},{"from":[2,4.75,30.5],"to":[4,6.75,31],"rotation":{"angle":22.5,"axis":"x","origin":[3,4.75,31]},"faces":{"north":{"uv":[4,0.25,3.75,0.5],"texture":"#0"},"east":{"uv":[3.8125,3.25,3.75,3.5],"texture":"#0"},"south":{"uv":[4,0,3.75,0.25],"texture":"#0"},"west":{"uv":[3.5625,3.75,3.5,4],"texture":"#0"},"up":{"uv":[4,3.5,3.75,3.5625],"texture":"#0"},"down":{"uv":[3.875,3.8125,3.625,3.75],"texture":"#0"}}},{"from":[2,4.75,29],"to":[4,6.75,29.5],"rotation":{"angle":-22.5,"axis":"x","origin":[3,4.75,29]},"faces":{"north":{"uv":[4,0,3.75,0.25],"texture":"#0"},"east":{"uv":[3.9375,2.5,3.875,2.75],"texture":"#0"},"south":{"uv":[4,0.5,3.75,0.75],"texture":"#0"},"west":{"uv":[3.9375,2.75,3.875,3],"texture":"#0"},"up":{"uv":[4,3.625,3.75,3.6875],"texture":"#0"},"down":{"uv":[4.125,3.0625,3.875,3],"texture":"#0"}}},{"from":[1.68596,5.21029,29],"to":[2.18596,7.21029,31],"rotation":{"angle":22.5,"axis":"z","origin":[3,5.76955,30]},"faces":{"north":{"uv":[4.0625,0.25,4,0.5],"texture":"#0"},"east":{"uv":[4,1.5,3.75,1.75],"texture":"#0"},"south":{"uv":[4.0625,0,4,0.25],"texture":"#0"},"west":{"uv":[4,0,3.75,0.25],"texture":"#0"},"up":{"uv":[4.0625,0.5,4,0.75],"texture":"#0"},"down":{"uv":[4.0625,1,4,0.75],"texture":"#0"}}},{"from":[3.81404,5.21029,29],"to":[4.31404,7.21029,31],"rotation":{"angle":-22.5,"axis":"z","origin":[3,5.76955,30]},"faces":{"north":{"uv":[3.6875,3.875,3.625,4.125],"texture":"#0"},"east":{"uv":[4,0,3.75,0.25],"texture":"#0"},"south":{"uv":[3.9375,3.125,3.875,3.375],"texture":"#0"},"west":{"uv":[4,1.25,3.75,1.5],"texture":"#0"},"up":{"uv":[3.8125,3.875,3.75,4.125],"texture":"#0"},"down":{"uv":[3.9375,4,3.875,3.75],"texture":"#0"}}},{"from":[1.75,0,28.75],"to":[4.25,1,31.25],"rotation":{"angle":0,"axis":"y","origin":[3,3.125,30]},"faces":{"north":{"uv":[4.0625,2,3.75,2.125],"texture":"#0"},"east":{"uv":[4.0625,2,3.75,2.125],"texture":"#0"},"south":{"uv":[4.0625,2,3.75,2.125],"texture":"#0"},"west":{"uv":[4.0625,2,3.75,2.125],"texture":"#0"},"up":{"uv":[3.8125,2.5,3.5,2.8125],"texture":"#0"},"down":{"uv":[3.8125,3.1875,3.5,2.875],"texture":"#0"}}},{"from":[12,1.5,29],"to":[14,6,31],"rotation":{"angle":0,"axis":"y","origin":[13,3.125,30]},"faces":{"north":{"uv":[3.5,0,3.75,0.5625],"texture":"#0"},"east":{"uv":[3.5,0,3.75,0.5625],"texture":"#0"},"south":{"uv":[3.5,0,3.75,0.5625],"texture":"#0"},"west":{"uv":[3.5,0,3.75,0.5625],"texture":"#0"},"up":{"uv":[3.5,3.25,3.75,3.5],"texture":"#0"},"down":{"uv":[3.5,3.75,3.75,3.5],"texture":"#0"}}},{"from":[12.5,1,29.5],"to":[13.5,1.5,30.5],"rotation":{"angle":0,"axis":"y","origin":[13,3.125,30]},"faces":{"north":{"uv":[4,1.375,4.125,1.4375],"texture":"#0"},"east":{"uv":[1.5,4,1.625,4.0625],"texture":"#0"},"south":{"uv":[4,1.125,4.125,1.1875],"texture":"#0"},"west":{"uv":[4,1.25,4.125,1.3125],"texture":"#0"},"up":{"uv":[3.875,3.375,4,3.5],"texture":"#0"},"down":{"uv":[4,1.125,4.125,1],"texture":"#0"}}},{"from":[12,4.75,30.5],"to":[14,6.75,31],"rotation":{"angle":22.5,"axis":"x","origin":[13,4.75,31]},"faces":{"north":{"uv":[3.75,0.25,4,0.5],"texture":"#0"},"east":{"uv":[3.5,3.75,3.5625,4],"texture":"#0"},"south":{"uv":[3.75,0,4,0.25],"texture":"#0"},"west":{"uv":[3.75,3.25,3.8125,3.5],"texture":"#0"},"up":{"uv":[3.75,3.5,4,3.5625],"texture":"#0"},"down":{"uv":[3.625,3.8125,3.875,3.75],"texture":"#0"}}},{"from":[12,4.75,29],"to":[14,6.75,29.5],"rotation":{"angle":-22.5,"axis":"x","origin":[13,4.75,29]},"faces":{"north":{"uv":[3.75,0,4,0.25],"texture":"#0"},"east":{"uv":[3.875,2.75,3.9375,3],"texture":"#0"},"south":{"uv":[3.75,0.5,4,0.75],"texture":"#0"},"west":{"uv":[3.875,2.5,3.9375,2.75],"texture":"#0"},"up":{"uv":[3.75,3.625,4,3.6875],"texture":"#0"},"down":{"uv":[3.875,3.0625,4.125,3],"texture":"#0"}}},{"from":[13.81404,5.21029,29],"to":[14.31404,7.21029,31],"rotation":{"angle":-22.5,"axis":"z","origin":[13,5.76955,30]},"faces":{"north":{"uv":[4,0.25,4.0625,0.5],"texture":"#0"},"east":{"uv":[3.75,0,4,0.25],"texture":"#0"},"south":{"uv":[4,0,4.0625,0.25],"texture":"#0"},"west":{"uv":[3.75,1.5,4,1.75],"texture":"#0"},"up":{"uv":[4,0.5,4.0625,0.75],"texture":"#0"},"down":{"uv":[4,1,4.0625,0.75],"texture":"#0"}}},{"from":[11.68596,5.21029,29],"to":[12.18596,7.21029,31],"rotation":{"angle":22.5,"axis":"z","origin":[13,5.76955,30]},"faces":{"north":{"uv":[3.625,3.875,3.6875,4.125],"texture":"#0"},"east":{"uv":[3.75,1.25,4,1.5],"texture":"#0"},"south":{"uv":[3.875,3.125,3.9375,3.375],"texture":"#0"},"west":{"uv":[3.75,0,4,0.25],"texture":"#0"},"up":{"uv":[3.75,3.875,3.8125,4.125],"texture":"#0"},"down":{"uv":[3.875,4,3.9375,3.75],"texture":"#0"}}},{"from":[11.75,0,28.75],"to":[14.25,1,31.25],"rotation":{"angle":0,"axis":"y","origin":[13,3.125,30]},"faces":{"north":{"uv":[3.75,2,4.0625,2.125],"texture":"#0"},"east":{"uv":[3.75,2,4.0625,2.125],"texture":"#0"},"south":{"uv":[3.75,2,4.0625,2.125],"texture":"#0"},"west":{"uv":[3.75,2,4.0625,2.125],"texture":"#0"},"up":{"uv":[3.5,2.5,3.8125,2.8125],"texture":"#0"},"down":{"uv":[3.5,3.1875,3.8125,2.875],"texture":"#0"}}}],"gui_light":"front","display":{"thirdperson_righthand":{"rotation":[67.5,0,0],"translation":[0,4.5,-0.75],"scale":[0.19313,0.19313,0.19313]},"thirdperson_lefthand":{"rotation":[67.5,0,0],"translation":[0,4.5,-0.75],"scale":[0.19313,0.19313,0.19313]},"firstperson_righthand":{"translation":[-1.75,5.5,1.75],"scale":[0.19344,0.19344,0.19344]},"firstperson_lefthand":{"translation":[-1.75,5.5,1.75],"scale":[0.19344,0.19344,0.19344]},"ground":{"translation":[0.25,6,-3.25],"scale":[0.4,0.4,0.4]},"gui":{"rotation":[30,135,0],"translation":[-2.5,-1,0],"scale":[0.46,0.46,0.46]},"head":{"rotation":[0,180,0],"translation":[0,-30.4,25.5],"scale":[1.6,1.6,1.6]},"fixed":{"rotation":[-90,0,0],"translation":[0,0,-16],"scale":[2,2,2]}}}