{"credit":"MadewithBlockbench","texture_size":[256,256],"textures":{"0":"japan_street_v3:japan_street_v3/shop3texture"},"elements":[{"from":[-16,32,-16],"to":[32,32,32],"rotation":{"angle":0,"axis":"y","origin":[8,28,8]},"faces":{"north":{"uv":[0,0,3,0],"texture":"#0"},"east":{"uv":[3,0,6,0],"texture":"#0"},"south":{"uv":[0,3.0625,3,3.0625],"texture":"#0"},"west":{"uv":[3,3.0625,6,3.0625],"texture":"#0"},"up":{"uv":[9,3,6,0],"texture":"#0"},"down":{"uv":[9,0,6,3],"texture":"#0"}}},{"from":[-15.95,-16,-13.5],"to":[-13.95,31.9,-11.5],"rotation":{"angle":0,"axis":"y","origin":[8,0,6.5]},"faces":{"north":{"uv":[0.25,8.25,0.125,11.24375],"texture":"#0"},"east":{"uv":[0.375,8.25,0.25,11.24375],"texture":"#0"},"south":{"uv":[0.5,8.25,0.375,11.24375],"texture":"#0"},"west":{"uv":[0.125,8.25,0,11.24375],"texture":"#0"},"up":{"uv":[0,8.25,0.125,8.125],"texture":"#0"},"down":{"uv":[0.25,8.125,0.375,8.25],"texture":"#0"}}},{"from":[9.33208,-2,-7.77584],"to":[28.33208,-1,0.22416],"rotation":{"angle":0,"axis":"y","origin":[21.83208,-1.5,-1.77584]},"faces":{"north":{"uv":[3.9375,9.3125,5.125,9.375],"texture":"#0"},"east":{"uv":[3.4375,9.3125,3.9375,9.375],"texture":"#0"},"south":{"uv":[2.25,9.3125,3.4375,9.375],"texture":"#0"},"west":{"uv":[5.125,9.3125,5.625,9.375],"texture":"#0"},"up":{"uv":[3.9375,9.3125,3.4375,8.125],"rotation":90,"texture":"#0"},"down":{"uv":[4.4375,8.125,3.9375,9.3125],"rotation":270,"texture":"#0"}}},{"from":[19.5,-1,-9],"to":[23,-0.975,0],"rotation":{"angle":-22.5,"axis":"y","origin":[21.5,-0.9875,-3.5]},"faces":{"north":{"uv":[3,9.9375,3.1875,9.9375],"texture":"#0"},"east":{"uv":[2.4375,9.9375,3,9.9375],"texture":"#0"},"south":{"uv":[2.25,9.9375,2.4375,9.9375],"texture":"#0"},"west":{"uv":[1.6875,9.9375,2.25,9.9375],"texture":"#0"},"up":{"uv":[2.46875,9.9375,2.25,9.375],"rotation":180,"texture":"#0"},"down":{"uv":[2.6875,9.375,2.46875,9.9375],"rotation":180,"texture":"#0"}}},{"from":[6.5,-1,-3.5],"to":[19.5,-0.95,-2.5],"rotation":{"angle":-45,"axis":"y","origin":[15.5,-1,-2]},"faces":{"north":{"uv":[2.9375,10.1875,3.75,10.1875],"texture":"#0"},"east":{"uv":[2.75,10.1875,2.9375,10.1875],"texture":"#0"},"south":{"uv":[1.9375,10.1875,2.75,10.1875],"texture":"#0"},"west":{"uv":[3.75,10.1875,3.9375,10.1875],"texture":"#0"},"up":{"uv":[2.9375,10.1875,2.75,9.375],"rotation":90,"texture":"#0"},"down":{"uv":[3.125,9.375,2.9375,10.1875],"rotation":270,"texture":"#0"}}},{"from":[-13,-16,-16],"to":[29,-2,0.5],"rotation":{"angle":0,"axis":"y","origin":[8,0,8]},"faces":{"north":{"uv":[5.25,6.125,7.875,7],"texture":"#0"},"east":{"uv":[0,7,1.03125,7.875],"texture":"#0"},"south":{"uv":[0,6.125,2.625,7],"texture":"#0"},"west":{"uv":[1.03125,7,2.0625,7.875],"texture":"#0"},"up":{"uv":[5.25,7.15625,2.625,6.125],"texture":"#0"},"down":{"uv":[7.875,7.15625,5.25,8.1875],"texture":"#0"}}},{"from":[-15.87374,19.125,-13.475],"to":[31.62626,20.875,-11.575],"rotation":{"angle":0,"axis":"y","origin":[7.87626,7.75,24]},"faces":{"north":{"uv":[0.5,8.25,0.375,11.25],"rotation":270,"texture":"#0"},"east":{"uv":[0.125,8.25,0.25,8.125],"rotation":270,"texture":"#0"},"south":{"uv":[0.25,8.25,0.125,11.25],"rotation":90,"texture":"#0"},"west":{"uv":[0.25,8.125,0.375,8.25],"rotation":270,"texture":"#0"},"up":{"uv":[0.375,8.25,0.25,11.25],"rotation":90,"texture":"#0"},"down":{"uv":[0.125,8.25,0,11.25],"rotation":90,"texture":"#0"}}},{"from":[-12,-2,-12],"to":[-2,6,-4],"rotation":{"angle":-45,"axis":"y","origin":[-7,2,-8]},"faces":{"north":{"uv":[1.0625,8.375,1.6875,8.875],"texture":"#0"},"east":{"uv":[0.5625,8.375,1.0625,8.875],"texture":"#0"},"south":{"uv":[2.1875,8.375,2.8125,8.875],"texture":"#0"},"west":{"uv":[1.6875,8.375,2.1875,8.875],"texture":"#0"},"up":{"uv":[1.6875,8.375,1.0625,7.875],"texture":"#0"},"down":{"uv":[2.3125,7.875,1.6875,8.375],"texture":"#0"}}},{"from":[0,-2,-13],"to":[9.5,1,-7],"rotation":{"angle":22.5,"axis":"y","origin":[3.75,-0.5,-10]},"faces":{"north":{"uv":[2.4375,7.5625,3.03125,7.75],"texture":"#0"},"east":{"uv":[2.0625,7.5625,2.4375,7.75],"texture":"#0"},"south":{"uv":[3.03125,7.5625,3.625,7.75],"texture":"#0"},"west":{"uv":[2.0625,7.375,2.4375,7.5625],"texture":"#0"},"up":{"uv":[3.03125,7.5625,2.4375,7.1875],"texture":"#0"},"down":{"uv":[3.625,7.1875,3.03125,7.5625],"texture":"#0"}}},{"from":[10,-2,-15],"to":[18,-1.5,-12.5],"rotation":{"angle":0,"axis":"y","origin":[14,-1.75,-13.75]},"faces":{"north":{"uv":[3.78125,7.59375,4.28125,7.625],"texture":"#0"},"east":{"uv":[3.625,7.59375,3.78125,7.625],"texture":"#0"},"south":{"uv":[4.4375,7.59375,4.9375,7.625],"texture":"#0"},"west":{"uv":[4.28125,7.59375,4.4375,7.625],"texture":"#0"},"up":{"uv":[4.25,7.59375,3.75,7.4375],"texture":"#0"},"down":{"uv":[4.75,7.4375,4.25,7.59375],"texture":"#0"}}},{"from":[21,-2,-14],"to":[28,-0.5,-9],"rotation":{"angle":-22.5,"axis":"y","origin":[25,-0.5,-11.5]},"faces":{"north":{"uv":[2.625,8.0625,3.0625,8.125],"texture":"#0"},"east":{"uv":[2.3125,8.0625,2.625,8.125],"texture":"#0"},"south":{"uv":[3.375,8.0625,3.8125,8.125],"texture":"#0"},"west":{"uv":[3.0625,8.0625,3.375,8.125],"texture":"#0"},"up":{"uv":[3.0625,8.0625,2.625,7.75],"texture":"#0"},"down":{"uv":[3.5,7.75,3.0625,8.0625],"texture":"#0"}}},{"from":[21.96985,-0.5,-14.17101],"to":[28.96985,1,-9.17101],"rotation":{"angle":-45,"axis":"y","origin":[25,-0.5,-11.5]},"faces":{"north":{"uv":[2.625,8.0625,3.0625,8.125],"texture":"#0"},"east":{"uv":[2.3125,8.0625,2.625,8.125],"texture":"#0"},"south":{"uv":[3.375,8.0625,3.8125,8.125],"texture":"#0"},"west":{"uv":[3.0625,8.0625,3.375,8.125],"texture":"#0"},"up":{"uv":[3.0625,8.0625,2.625,7.75],"texture":"#0"},"down":{"uv":[3.5,7.75,3.0625,8.0625],"texture":"#0"}}},{"from":[12.24857,-1.58395,-12.9505],"to":[20.24857,-1.08395,-10.4505],"rotation":{"angle":-22.5,"axis":"y","origin":[15.24857,-1.33395,-12.7005]},"faces":{"north":{"uv":[3.78125,7.59375,4.28125,7.625],"texture":"#0"},"east":{"uv":[3.625,7.59375,3.78125,7.625],"texture":"#0"},"south":{"uv":[4.4375,7.59375,4.9375,7.625],"texture":"#0"},"west":{"uv":[4.28125,7.59375,4.4375,7.625],"texture":"#0"},"up":{"uv":[4.25,7.59375,3.75,7.4375],"texture":"#0"},"down":{"uv":[4.75,7.4375,4.25,7.59375],"texture":"#0"}}},{"from":[10,-2,-15],"to":[18,-1.5,-12.5],"rotation":{"angle":0,"axis":"y","origin":[14,-1.75,-13.75]},"faces":{"north":{"uv":[3.78125,7.59375,4.28125,7.625],"texture":"#0"},"east":{"uv":[3.625,7.59375,3.78125,7.625],"texture":"#0"},"south":{"uv":[4.4375,7.59375,4.9375,7.625],"texture":"#0"},"west":{"uv":[4.28125,7.59375,4.4375,7.625],"texture":"#0"},"up":{"uv":[4.25,7.59375,3.75,7.4375],"texture":"#0"},"down":{"uv":[4.75,7.4375,4.25,7.59375],"texture":"#0"}}},{"from":[23.5,17,-13.5],"to":[25.5,21,-13.5],"rotation":{"angle":0,"axis":"y","origin":[5,0,8]},"faces":{"north":{"uv":[2.1875,8.875,2.3125,9.125],"texture":"#0"},"east":{"uv":[2.1875,8.875,2.1875,9.125],"texture":"#0"},"south":{"uv":[2.3125,8.875,2.4375,9.125],"texture":"#0"},"west":{"uv":[2.3125,8.875,2.3125,9.125],"texture":"#0"},"up":{"uv":[2.3125,8.875,2.1875,8.875],"texture":"#0"},"down":{"uv":[2.4375,8.875,2.3125,8.875],"texture":"#0"}}},{"from":[23.5,8,-14.5],"to":[25.5,17,-12.5],"rotation":{"angle":0,"axis":"y","origin":[21.5,14,-13]},"faces":{"north":{"uv":[3.6875,7.3125,4.25,7.4375],"rotation":90,"texture":"#0"},"east":{"uv":[4.8125,7.1875,4.25,7.3125],"rotation":270,"texture":"#0"},"south":{"uv":[4.375,7.3125,4.9375,7.4375],"rotation":270,"texture":"#0"},"west":{"uv":[4.25,7.3125,3.6875,7.1875],"rotation":270,"texture":"#0"},"up":{"uv":[3.5625,7.3125,3.6875,7.4375],"rotation":270,"texture":"#0"},"down":{"uv":[4.25,7.3125,4.375,7.4375],"rotation":270,"texture":"#0"}}},{"from":[20.5,17,-13.5],"to":[22.5,21,-13.5],"rotation":{"angle":0,"axis":"y","origin":[2,0,8]},"faces":{"north":{"uv":[2.1875,8.875,2.3125,9.125],"texture":"#0"},"east":{"uv":[2.1875,8.875,2.1875,9.125],"texture":"#0"},"south":{"uv":[2.3125,8.875,2.4375,9.125],"texture":"#0"},"west":{"uv":[2.3125,8.875,2.3125,9.125],"texture":"#0"},"up":{"uv":[2.3125,8.875,2.1875,8.875],"texture":"#0"},"down":{"uv":[2.4375,8.875,2.3125,8.875],"texture":"#0"}}},{"from":[20.5,8,-14.5],"to":[22.5,17,-12.5],"rotation":{"angle":0,"axis":"y","origin":[18.5,14,-13]},"faces":{"north":{"uv":[3.6875,7.3125,4.25,7.4375],"rotation":90,"texture":"#0"},"east":{"uv":[4.8125,7.1875,4.25,7.3125],"rotation":270,"texture":"#0"},"south":{"uv":[4.375,7.3125,4.9375,7.4375],"rotation":270,"texture":"#0"},"west":{"uv":[4.25,7.3125,3.6875,7.1875],"rotation":270,"texture":"#0"},"up":{"uv":[3.5625,7.3125,3.6875,7.4375],"rotation":270,"texture":"#0"},"down":{"uv":[4.25,7.3125,4.375,7.4375],"rotation":270,"texture":"#0"}}},{"from":[26.5,17,-13.5],"to":[28.5,21,-13.5],"rotation":{"angle":0,"axis":"y","origin":[8,0,8]},"faces":{"north":{"uv":[2.1875,8.875,2.3125,9.125],"texture":"#0"},"east":{"uv":[2.1875,8.875,2.1875,9.125],"texture":"#0"},"south":{"uv":[2.3125,8.875,2.4375,9.125],"texture":"#0"},"west":{"uv":[2.3125,8.875,2.3125,9.125],"texture":"#0"},"up":{"uv":[2.3125,8.875,2.1875,8.875],"texture":"#0"},"down":{"uv":[2.4375,8.875,2.3125,8.875],"texture":"#0"}}},{"from":[26.5,8,-14.5],"to":[28.5,17,-12.5],"rotation":{"angle":0,"axis":"y","origin":[24.5,14,-13]},"faces":{"north":{"uv":[3.6875,7.3125,4.25,7.4375],"rotation":90,"texture":"#0"},"east":{"uv":[4.8125,7.1875,4.25,7.3125],"rotation":270,"texture":"#0"},"south":{"uv":[4.375,7.3125,4.9375,7.4375],"rotation":270,"texture":"#0"},"west":{"uv":[4.25,7.3125,3.6875,7.1875],"rotation":270,"texture":"#0"},"up":{"uv":[3.5625,7.3125,3.6875,7.4375],"rotation":270,"texture":"#0"},"down":{"uv":[4.25,7.3125,4.375,7.4375],"rotation":270,"texture":"#0"}}},{"from":[-15.95,-16,-13.5],"to":[-13.95,31.9,-11.5],"rotation":{"angle":0,"axis":"y","origin":[8,0,6.5]},"faces":{"north":{"uv":[0.25,8.25,0.125,11.24375],"texture":"#0"},"east":{"uv":[0.375,8.25,0.25,11.24375],"texture":"#0"},"south":{"uv":[0.5,8.25,0.375,11.24375],"texture":"#0"},"west":{"uv":[0.125,8.25,0,11.24375],"texture":"#0"},"up":{"uv":[0,8.25,0.125,8.125],"texture":"#0"},"down":{"uv":[0.25,8.125,0.375,8.25],"texture":"#0"}}},{"from":[29.95,-16,-13.5],"to":[31.95,31.9,-11.5],"rotation":{"angle":0,"axis":"y","origin":[8,0,6.5]},"faces":{"north":{"uv":[0.125,8.25,0.25,11.24375],"texture":"#0"},"east":{"uv":[0,8.25,0.125,11.24375],"texture":"#0"},"south":{"uv":[0.375,8.25,0.5,11.24375],"texture":"#0"},"west":{"uv":[0.25,8.25,0.375,11.24375],"texture":"#0"},"up":{"uv":[0.125,8.25,0,8.125],"texture":"#0"},"down":{"uv":[0.375,8.125,0.25,8.25],"texture":"#0"}}},{"from":[-15.95,-16,27.5],"to":[-13.95,31.9,29.5],"rotation":{"angle":0,"axis":"y","origin":[8,0,9.5]},"faces":{"north":{"uv":[0.375,8.25,0.5,11.24375],"texture":"#0"},"east":{"uv":[0.25,8.25,0.375,11.24375],"texture":"#0"},"south":{"uv":[0.125,8.25,0.25,11.24375],"texture":"#0"},"west":{"uv":[0,8.25,0.125,11.24375],"texture":"#0"},"up":{"uv":[0,8.125,0.125,8.25],"texture":"#0"},"down":{"uv":[0.25,8.25,0.375,8.125],"texture":"#0"}}},{"from":[29.95,-16,27.5],"to":[31.95,31.9,29.5],"rotation":{"angle":0,"axis":"y","origin":[8,0,9.5]},"faces":{"north":{"uv":[0.5,8.25,0.375,11.24375],"texture":"#0"},"east":{"uv":[0.125,8.25,0,11.24375],"texture":"#0"},"south":{"uv":[0.25,8.25,0.125,11.24375],"texture":"#0"},"west":{"uv":[0.375,8.25,0.25,11.24375],"texture":"#0"},"up":{"uv":[0.125,8.125,0,8.25],"texture":"#0"},"down":{"uv":[0.375,8.25,0.25,8.125],"texture":"#0"}}},{"from":[-16,18,-16],"to":[32,32,-16],"rotation":{"angle":0,"axis":"y","origin":[8,28,8]},"faces":{"north":{"uv":[0,0,3,0.875],"texture":"#0"},"east":{"uv":[3,0,3,0.875],"texture":"#0"},"south":{"uv":[0,0,3,0.875],"texture":"#0"},"west":{"uv":[3,3.0625,3,3.9375],"texture":"#0"},"up":{"uv":[9,0,6,0],"texture":"#0"},"down":{"uv":[9,3,6,3],"texture":"#0"}}},{"from":[32,19,-16],"to":[32,32,32],"rotation":{"angle":0,"axis":"y","origin":[8,28,8]},"faces":{"north":{"uv":[0,0,0,0.8125],"texture":"#0"},"east":{"uv":[3,0,6,0.8125],"texture":"#0"},"south":{"uv":[0,3.0625,0,3.875],"texture":"#0"},"west":{"uv":[3,3.0625,6,3.875],"texture":"#0"},"up":{"uv":[6,3,6,0],"texture":"#0"},"down":{"uv":[6,3,6,6],"texture":"#0"}}},{"from":[-16,19,-16],"to":[-16,32,32],"rotation":{"angle":0,"axis":"y","origin":[8,28,8]},"faces":{"north":{"uv":[0,0,0,0.8125],"texture":"#0"},"east":{"uv":[3,0,6,0.8125],"texture":"#0"},"south":{"uv":[0,3.0625,0,3.875],"texture":"#0"},"west":{"uv":[3,3.0625,6,3.875],"texture":"#0"},"up":{"uv":[6,3,6,0],"texture":"#0"},"down":{"uv":[6,3,6,6],"texture":"#0"}}},{"from":[-16,-16,32],"to":[32,32,32],"rotation":{"angle":0,"axis":"y","origin":[8,28,8]},"faces":{"north":{"uv":[0,3.0625,3,6.0625],"texture":"#0"},"east":{"uv":[3,0,3,3],"texture":"#0"},"south":{"uv":[0,3.0625,3,6.0625],"texture":"#0"},"west":{"uv":[3,3.0625,3,6.0625],"texture":"#0"},"up":{"uv":[9,0,6,0],"texture":"#0"},"down":{"uv":[9,3,6,3],"texture":"#0"}}}],"gui_light":"front","display":{"thirdperson_righthand":{"rotation":[67.5,0,0],"translation":[0,2.25,0],"scale":[0.08672,0.08672,0.08672]},"thirdperson_lefthand":{"rotation":[67.5,0,0],"translation":[0,2.25,0],"scale":[0.08672,0.08672,0.08672]},"firstperson_righthand":{"translation":[30,-8,-36.75],"scale":[0.47657,0.47657,0.47657]},"firstperson_lefthand":{"translation":[30,-8,-36.75],"scale":[0.47657,0.47657,0.47657]},"ground":{"translation":[0,6,0],"scale":[0.2,0.2,0.2]},"gui":{"rotation":[30,135,0],"translation":[0,-0.25,0],"scale":[0.20508,0.20508,0.20508]},"head":{"rotation":[0,180,0],"translation":[0,-4.8,0],"scale":[1.6,1.6,1.6]},"fixed":{"rotation":[-90,0,0],"translation":[0,0,-48],"scale":[2,2,2]}}}