{"credit":"MadewithBlockbench","texture_size":[64,64],"textures":{"0":"japan_street_v3:japan_street_v3/table2texture"},"elements":[{"from":[-16,14,-16],"to":[16,16,16],"rotation":{"angle":0,"axis":"y","origin":[0,8,0]},"faces":{"north":{"uv":[0,9,8,9.5],"texture":"#0"},"east":{"uv":[0,8,8,8.5],"texture":"#0"},"south":{"uv":[0,9.5,8,10],"texture":"#0"},"west":{"uv":[0,8.5,8,9],"texture":"#0"},"up":{"uv":[8,8,0,0],"texture":"#0"},"down":{"uv":[16,0,8,8],"texture":"#0"}}},{"from":[-1.5,0,-1.5],"to":[1.5,14,1.5],"rotation":{"angle":0,"axis":"y","origin":[0,8,0]},"faces":{"north":{"uv":[0.75,12,1.5,15.5],"texture":"#0"},"east":{"uv":[0,12,0.75,15.5],"texture":"#0"},"south":{"uv":[2.25,12,3,15.5],"texture":"#0"},"west":{"uv":[1.5,12,2.25,15.5],"texture":"#0"},"up":{"uv":[1.5,12,0.75,11.25],"texture":"#0"},"down":{"uv":[2.25,11.25,1.5,12],"texture":"#0"}}},{"from":[-9.19239,6.70711,-0.975],"to":[0.80761,8.70711,0.975],"rotation":{"angle":45,"axis":"z","origin":[0,8,0]},"faces":{"north":{"uv":[0.5,10.5,3,11],"texture":"#0"},"east":{"uv":[0,10.5,0.5,11],"texture":"#0"},"south":{"uv":[3.5,10.5,6,11],"texture":"#0"},"west":{"uv":[3,10.5,3.5,11],"texture":"#0"},"up":{"uv":[3,10.5,0.5,10],"texture":"#0"},"down":{"uv":[5.5,10,3,10.5],"texture":"#0"}}},{"from":[-8,0,-1],"to":[-5,2,1],"rotation":{"angle":0,"axis":"y","origin":[0,8,0]},"faces":{"north":{"uv":[7.5,10.5,8.25,11],"texture":"#0"},"east":{"uv":[7,10.5,7.5,11],"texture":"#0"},"south":{"uv":[8.75,10.5,9.5,11],"texture":"#0"},"west":{"uv":[8.25,10.5,8.75,11],"texture":"#0"},"up":{"uv":[8.25,10.5,7.5,10],"texture":"#0"},"down":{"uv":[9,10,8.25,10.5],"texture":"#0"}}},{"from":[-0.80761,6.70711,-0.975],"to":[9.19239,8.70711,0.975],"rotation":{"angle":-45,"axis":"z","origin":[0,8,0]},"faces":{"north":{"uv":[3,10.5,0.5,11],"texture":"#0"},"east":{"uv":[3.5,10.5,3,11],"texture":"#0"},"south":{"uv":[6,10.5,3.5,11],"texture":"#0"},"west":{"uv":[0.5,10.5,0,11],"texture":"#0"},"up":{"uv":[0.5,10.5,3,10],"texture":"#0"},"down":{"uv":[3,10,5.5,10.5],"texture":"#0"}}},{"from":[5,0,-1],"to":[8,2,1],"rotation":{"angle":0,"axis":"y","origin":[0,8,0]},"faces":{"north":{"uv":[8.25,10.5,7.5,11],"texture":"#0"},"east":{"uv":[8.75,10.5,8.25,11],"texture":"#0"},"south":{"uv":[9.5,10.5,8.75,11],"texture":"#0"},"west":{"uv":[7.5,10.5,7,11],"texture":"#0"},"up":{"uv":[7.5,10.5,8.25,10],"texture":"#0"},"down":{"uv":[8.25,10,9,10.5],"texture":"#0"}}},{"from":[-1,0,4.95],"to":[1,2,7.95],"rotation":{"angle":0,"axis":"y","origin":[0,8,0]},"faces":{"north":{"uv":[7.5,10.5,7,11],"texture":"#0"},"east":{"uv":[8.25,10.5,7.5,11],"texture":"#0"},"south":{"uv":[8.75,10.5,8.25,11],"texture":"#0"},"west":{"uv":[9.5,10.5,8.75,11],"texture":"#0"},"up":{"uv":[7.5,10.5,8.25,10],"rotation":90,"texture":"#0"},"down":{"uv":[8.25,10,9,10.5],"rotation":270,"texture":"#0"}}},{"from":[-0.975,-1.6066,-1.26789],"to":[0.975,8.3934,0.68211],"rotation":{"angle":-45,"axis":"x","origin":[0,8,0]},"faces":{"north":{"uv":[3,10.5,0.5,11],"rotation":270,"texture":"#0"},"east":{"uv":[0.5,10.5,3,10],"rotation":90,"texture":"#0"},"south":{"uv":[6,10.5,3.5,11],"rotation":90,"texture":"#0"},"west":{"uv":[3,10,5.5,10.5],"rotation":90,"texture":"#0"},"up":{"uv":[0.5,10.5,0,11],"rotation":90,"texture":"#0"},"down":{"uv":[3.5,10.5,3,11],"rotation":90,"texture":"#0"}}},{"from":[-1,0,-7.95],"to":[1,2,-4.95],"rotation":{"angle":0,"axis":"y","origin":[0,8,0]},"faces":{"north":{"uv":[8.25,10.5,8.75,11],"texture":"#0"},"east":{"uv":[7.5,10.5,8.25,11],"texture":"#0"},"south":{"uv":[7,10.5,7.5,11],"texture":"#0"},"west":{"uv":[8.75,10.5,9.5,11],"texture":"#0"},"up":{"uv":[8.25,10.5,7.5,10],"rotation":90,"texture":"#0"},"down":{"uv":[9,10,8.25,10.5],"rotation":270,"texture":"#0"}}},{"from":[-0.975,-1.6066,-0.68211],"to":[0.975,8.3934,1.26789],"rotation":{"angle":45,"axis":"x","origin":[0,8,0]},"faces":{"north":{"uv":[6,11,3.5,10.5],"rotation":90,"texture":"#0"},"east":{"uv":[0.5,10,3,10.5],"rotation":90,"texture":"#0"},"south":{"uv":[3,11,0.5,10.5],"rotation":270,"texture":"#0"},"west":{"uv":[3,10.5,5.5,10],"rotation":90,"texture":"#0"},"up":{"uv":[0,10.5,0.5,11],"rotation":90,"texture":"#0"},"down":{"uv":[3,10.5,3.5,11],"rotation":90,"texture":"#0"}}}],"gui_light":"front","display":{"thirdperson_righthand":{"rotation":[67.5,0,0],"translation":[1.1,-0.5,0.5],"scale":[0.13773,0.13773,0.13773]},"thirdperson_lefthand":{"rotation":[67.5,0,0],"translation":[-1.1,-0.5,0.5],"scale":[0.13773,0.13773,0.13773]},"firstperson_righthand":{"translation":[62.75,-27.25,-41],"scale":[1.54687,1.54687,1.54687]},"firstperson_lefthand":{"translation":[47.75,-27.25,-41],"scale":[1.54687,1.54687,1.54687]},"ground":{"translation":[2.75,6,2.75],"scale":[0.35,0.35,0.35]},"gui":{"rotation":[30,135,0],"translation":[0,0.5,0],"scale":[0.33594,0.33594,0.33594]},"head":{"rotation":[0,180,0],"translation":[0,-30.4,0],"scale":[1.6,1.6,1.6]},"fixed":{"rotation":[-90,0,0],"translation":[0,0,-16],"scale":[2,2,2]}}}