{"credit":"MadewithBlockbench","texture_size":[256,256],"textures":{"0":"japan_street_v3:japan_street_v3/waterdespensortexture"},"elements":[{"from":[-13,-15,2],"to":[13,25,14],"rotation":{"angle":0,"axis":"y","origin":[16,-16,-8]},"faces":{"north":{"uv":[1.5625,4.09375,3.1875,6.59375],"texture":"#0"},"east":{"uv":[4.84375,4.09375,5.59375,6.59375],"texture":"#0"},"south":{"uv":[3.1875,4.09375,4.8125,6.59375],"texture":"#0"},"west":{"uv":[5.59375,4.09375,6.34375,6.59375],"texture":"#0"},"up":{"uv":[3.1875,7.375,1.5625,6.625],"texture":"#0"},"down":{"uv":[4.8125,6.625,3.1875,7.375],"texture":"#0"}}},{"from":[10,-3.5,2],"to":[10,20.5,5],"rotation":{"angle":0,"axis":"y","origin":[16,-16,-8]},"faces":{"north":{"uv":[7.03125,0,7.03125,1.5],"texture":"#0"},"east":{"uv":[0,5,0.1875,6.5],"texture":"#0"},"south":{"uv":[3.28125,0.5,3.28125,2],"texture":"#0"},"west":{"uv":[0.5,5,0.6875,6.5],"texture":"#0"},"up":{"uv":[4.25,0,4.25,0.1875],"texture":"#0"},"down":{"uv":[3.28125,0,3.28125,0.1875],"texture":"#0"}}},{"from":[-5.5,-2,2.5],"to":[10,0,5],"rotation":{"angle":0,"axis":"y","origin":[16,-16,-8]},"faces":{"north":{"uv":[5.25,0.28125,6.21875,0.40625],"texture":"#0"},"east":{"uv":[5.25,0,5.40625,0.125],"texture":"#0"},"south":{"uv":[5.25,0,6.21875,0.125],"texture":"#0"},"west":{"uv":[5.25,0,5.40625,0.125],"texture":"#0"},"up":{"uv":[6.21875,0.28125,5.25,0.125],"texture":"#0"},"down":{"uv":[6.21875,0.40625,5.25,0.5625],"texture":"#0"}}},{"from":[8,25,2],"to":[13,26.5,14],"rotation":{"angle":0,"axis":"y","origin":[16,-16,-8]},"faces":{"north":{"uv":[2.1875,3.5,2.5,3.59375],"texture":"#0"},"east":{"uv":[2.1875,3.375,2.9375,3.46875],"texture":"#0"},"south":{"uv":[2.1875,3.59375,2.5,3.6875],"texture":"#0"},"west":{"uv":[2.1875,3.28125,2.9375,3.375],"texture":"#0"},"up":{"uv":[1.84375,4.03125,1.53125,3.28125],"texture":"#0"},"down":{"uv":[2.15625,3.28125,1.84375,4.03125],"texture":"#0"}}},{"from":[-13,-16,2],"to":[-7,-15,14],"rotation":{"angle":0,"axis":"y","origin":[16,-16,-8]},"faces":{"north":{"uv":[4.65625,0.78125,4.28125,0.84375],"texture":"#0"},"east":{"uv":[5.03125,1.28125,4.28125,1.34375],"texture":"#0"},"south":{"uv":[4.65625,0.84375,4.28125,0.90625],"texture":"#0"},"west":{"uv":[5.03125,1.34375,4.28125,1.40625],"texture":"#0"},"up":{"uv":[4.28125,2.15625,4.65625,1.40625],"texture":"#0"},"down":{"uv":[4.65625,0.53125,5.03125,1.28125],"texture":"#0"}}},{"from":[-5.5,5,2.5],"to":[10,7,5],"rotation":{"angle":0,"axis":"y","origin":[16,-16,-8]},"faces":{"north":{"uv":[5.25,0.28125,6.21875,0.40625],"texture":"#0"},"east":{"uv":[5.25,0,5.40625,0.125],"texture":"#0"},"south":{"uv":[5.25,0,6.21875,0.125],"texture":"#0"},"west":{"uv":[5.25,0,5.40625,0.125],"texture":"#0"},"up":{"uv":[6.21875,0.28125,5.25,0.125],"texture":"#0"},"down":{"uv":[6.21875,0.40625,5.25,0.5625],"texture":"#0"}}},{"from":[-5.5,12,2.5],"to":[10,14,5],"rotation":{"angle":0,"axis":"y","origin":[16,-16,-8]},"faces":{"north":{"uv":[5.25,0.28125,6.21875,0.40625],"texture":"#0"},"east":{"uv":[5.25,0,5.40625,0.125],"texture":"#0"},"south":{"uv":[5.25,0,6.21875,0.125],"texture":"#0"},"west":{"uv":[5.25,0,5.40625,0.125],"texture":"#0"},"up":{"uv":[6.21875,0.28125,5.25,0.125],"texture":"#0"},"down":{"uv":[6.21875,0.40625,5.25,0.5625],"texture":"#0"}}},{"from":[3.5,0,3],"to":[5.5,4,5],"rotation":{"angle":0,"axis":"y","origin":[16,-16,-8]},"faces":{"north":{"uv":[5.1875,0.75,5.3125,1],"texture":"#0"},"east":{"uv":[5.0625,0.75,5.1875,1],"texture":"#0"},"south":{"uv":[5.4375,0.75,5.5625,1],"texture":"#0"},"west":{"uv":[5.3125,0.75,5.4375,1],"texture":"#0"},"up":{"uv":[5.3125,0.75,5.1875,0.625],"texture":"#0"},"down":{"uv":[5.4375,0.625,5.3125,0.75],"texture":"#0"}}},{"from":[-4,0,3],"to":[-2,4.5,5],"rotation":{"angle":0,"axis":"y","origin":[16,-16,-8]},"faces":{"north":{"uv":[6.375,2.25,6.5,2.53125],"texture":"#0"},"east":{"uv":[6.25,2.25,6.375,2.53125],"texture":"#0"},"south":{"uv":[6.625,2.25,6.75,2.53125],"texture":"#0"},"west":{"uv":[6.5,2.25,6.625,2.53125],"texture":"#0"},"up":{"uv":[6.5,2.25,6.375,2.125],"texture":"#0"},"down":{"uv":[6.625,2.125,6.5,2.25],"texture":"#0"}}},{"from":[6,7,3],"to":[8,11,5],"rotation":{"angle":0,"axis":"y","origin":[16,-16,-8]},"faces":{"north":{"uv":[5.1875,1.625,5.3125,1.875],"texture":"#0"},"east":{"uv":[5.0625,1.625,5.1875,1.875],"texture":"#0"},"south":{"uv":[5.4375,1.625,5.5625,1.875],"texture":"#0"},"west":{"uv":[5.3125,1.625,5.4375,1.875],"texture":"#0"},"up":{"uv":[5.3125,1.625,5.1875,1.5],"texture":"#0"},"down":{"uv":[5.4375,1.5,5.3125,1.625],"texture":"#0"}}},{"from":[3.5,7,3],"to":[5.5,11,5],"rotation":{"angle":0,"axis":"y","origin":[16,-16,-8]},"faces":{"north":{"uv":[5.75,1.625,5.875,1.875],"texture":"#0"},"east":{"uv":[5.625,1.625,5.75,1.875],"texture":"#0"},"south":{"uv":[6,1.625,6.125,1.875],"texture":"#0"},"west":{"uv":[5.875,1.625,6,1.875],"texture":"#0"},"up":{"uv":[5.875,1.625,5.75,1.5],"texture":"#0"},"down":{"uv":[6,1.5,5.875,1.625],"texture":"#0"}}},{"from":[-4,14,3],"to":[-2,18.5,5],"rotation":{"angle":0,"axis":"y","origin":[16,-16,-8]},"faces":{"north":{"uv":[5.1875,2.0625,5.3125,2.34375],"texture":"#0"},"east":{"uv":[5.0625,2.0625,5.1875,2.34375],"texture":"#0"},"south":{"uv":[5.4375,2.0625,5.5625,2.34375],"texture":"#0"},"west":{"uv":[5.3125,2.0625,5.4375,2.34375],"texture":"#0"},"up":{"uv":[5.3125,2.0625,5.1875,1.9375],"texture":"#0"},"down":{"uv":[5.4375,1.9375,5.3125,2.0625],"texture":"#0"}}},{"from":[1,14,3],"to":[3,17,5],"rotation":{"angle":0,"axis":"y","origin":[16,-16,-8]},"faces":{"north":{"uv":[5.75,1.125,5.875,1.3125],"texture":"#0"},"east":{"uv":[5.625,1.125,5.75,1.3125],"texture":"#0"},"south":{"uv":[6,1.125,6.125,1.3125],"texture":"#0"},"west":{"uv":[5.875,1.125,6,1.3125],"texture":"#0"},"up":{"uv":[5.875,1.125,5.75,1],"texture":"#0"},"down":{"uv":[6,1,5.875,1.125],"texture":"#0"}}},{"from":[7,-16,2],"to":[13,-15,14],"rotation":{"angle":0,"axis":"y","origin":[16,-16,-8]},"faces":{"north":{"uv":[4.28125,0.78125,4.65625,0.84375],"texture":"#0"},"east":{"uv":[4.28125,1.34375,5.03125,1.40625],"texture":"#0"},"south":{"uv":[4.28125,0.84375,4.65625,0.90625],"texture":"#0"},"west":{"uv":[4.28125,1.28125,5.03125,1.34375],"texture":"#0"},"up":{"uv":[4.65625,2.15625,4.28125,1.40625],"texture":"#0"},"down":{"uv":[5.03125,0.53125,4.65625,1.28125],"texture":"#0"}}},{"from":[1,7,3],"to":[3,11,5],"rotation":{"angle":0,"axis":"y","origin":[16,-16,-8]},"faces":{"north":{"uv":[6.375,1.8125,6.5,2.0625],"texture":"#0"},"east":{"uv":[6.25,1.8125,6.375,2.0625],"texture":"#0"},"south":{"uv":[6.625,1.8125,6.75,2.0625],"texture":"#0"},"west":{"uv":[6.5,1.8125,6.625,2.0625],"texture":"#0"},"up":{"uv":[6.5,1.8125,6.375,1.6875],"texture":"#0"},"down":{"uv":[6.625,1.6875,6.5,1.8125],"texture":"#0"}}},{"from":[6,0,3],"to":[8,4,5],"rotation":{"angle":0,"axis":"y","origin":[16,-16,-8]},"faces":{"north":{"uv":[6.375,2.71875,6.5,2.96875],"texture":"#0"},"east":{"uv":[6.25,2.71875,6.375,2.96875],"texture":"#0"},"south":{"uv":[6.625,2.71875,6.75,2.96875],"texture":"#0"},"west":{"uv":[6.5,2.71875,6.625,2.96875],"texture":"#0"},"up":{"uv":[6.5,2.6875,6.375,2.5625],"texture":"#0"},"down":{"uv":[6.625,2.5625,6.5,2.6875],"texture":"#0"}}},{"from":[6.5,4,3.5],"to":[7.5,5,4.5],"rotation":{"angle":0,"axis":"y","origin":[16,-16,-8]},"faces":{"north":{"uv":[6.84375,1.65625,6.90625,1.71875],"texture":"#0"},"east":{"uv":[6.78125,1.65625,6.84375,1.71875],"texture":"#0"},"south":{"uv":[6.96875,1.65625,7.03125,1.71875],"texture":"#0"},"west":{"uv":[6.90625,1.65625,6.96875,1.71875],"texture":"#0"},"up":{"uv":[6.90625,1.65625,6.84375,1.59375],"texture":"#0"},"down":{"uv":[6.96875,1.59375,6.90625,1.65625],"texture":"#0"}}},{"from":[-3.5,11,3.5],"to":[-2.5,12,4.5],"rotation":{"angle":0,"axis":"y","origin":[16,-16,-8]},"faces":{"north":{"uv":[6.84375,1.65625,6.90625,1.71875],"texture":"#0"},"east":{"uv":[6.78125,1.65625,6.84375,1.71875],"texture":"#0"},"south":{"uv":[6.96875,1.65625,7.03125,1.71875],"texture":"#0"},"west":{"uv":[6.90625,1.65625,6.96875,1.71875],"texture":"#0"},"up":{"uv":[6.90625,1.65625,6.84375,1.59375],"texture":"#0"},"down":{"uv":[6.96875,1.59375,6.90625,1.65625],"texture":"#0"}}},{"from":[-4,7,3],"to":[-2,11,5],"rotation":{"angle":0,"axis":"y","origin":[16,-16,-8]},"faces":{"north":{"uv":[6.375,3.15625,6.5,3.40625],"texture":"#0"},"east":{"uv":[6.25,3.15625,6.375,3.40625],"texture":"#0"},"south":{"uv":[6.625,3.15625,6.75,3.40625],"texture":"#0"},"west":{"uv":[6.5,3.15625,6.625,3.40625],"texture":"#0"},"up":{"uv":[6.5,3.125,6.375,3],"texture":"#0"},"down":{"uv":[6.625,3,6.5,3.125],"texture":"#0"}}},{"from":[-1,11,3.5],"to":[0,12,4.5],"rotation":{"angle":0,"axis":"y","origin":[16,-16,-8]},"faces":{"north":{"uv":[6.84375,1.65625,6.90625,1.71875],"texture":"#0"},"east":{"uv":[6.78125,1.65625,6.84375,1.71875],"texture":"#0"},"south":{"uv":[6.96875,1.65625,7.03125,1.71875],"texture":"#0"},"west":{"uv":[6.90625,1.65625,6.96875,1.71875],"texture":"#0"},"up":{"uv":[6.90625,1.65625,6.84375,1.59375],"texture":"#0"},"down":{"uv":[6.96875,1.59375,6.90625,1.65625],"texture":"#0"}}},{"from":[-1.5,7,3],"to":[0.5,11,5],"rotation":{"angle":0,"axis":"y","origin":[16,-16,-8]},"faces":{"north":{"uv":[7.09375,1.75,7.21875,2],"texture":"#0"},"east":{"uv":[6.96875,1.75,7.09375,2],"texture":"#0"},"south":{"uv":[7.34375,1.75,7.46875,2],"texture":"#0"},"west":{"uv":[7.21875,1.75,7.34375,2],"texture":"#0"},"up":{"uv":[7.21875,1.75,7.09375,1.625],"texture":"#0"},"down":{"uv":[7.34375,1.625,7.21875,1.75],"texture":"#0"}}},{"from":[1.5,4,3.5],"to":[2.5,5,4.5],"rotation":{"angle":0,"axis":"y","origin":[16,-16,-8]},"faces":{"north":{"uv":[7.4375,1.65625,7.5,1.71875],"texture":"#0"},"east":{"uv":[7.375,1.65625,7.4375,1.71875],"texture":"#0"},"south":{"uv":[7.5625,1.65625,7.625,1.71875],"texture":"#0"},"west":{"uv":[7.5,1.65625,7.5625,1.71875],"texture":"#0"},"up":{"uv":[7.5,1.65625,7.4375,1.59375],"texture":"#0"},"down":{"uv":[7.5625,1.59375,7.5,1.65625],"texture":"#0"}}},{"from":[1,0,3],"to":[3,4,5],"rotation":{"angle":0,"axis":"y","origin":[16,-16,-8]},"faces":{"north":{"uv":[6.375,2.71875,6.5,2.96875],"texture":"#0"},"east":{"uv":[6.25,2.71875,6.375,2.96875],"texture":"#0"},"south":{"uv":[6.625,2.71875,6.75,2.96875],"texture":"#0"},"west":{"uv":[6.5,2.71875,6.625,2.96875],"texture":"#0"},"up":{"uv":[6.5,2.6875,6.375,2.5625],"texture":"#0"},"down":{"uv":[6.625,2.5625,6.5,2.6875],"texture":"#0"}}},{"from":[-1.5,0,3],"to":[0.5,4,5],"rotation":{"angle":0,"axis":"y","origin":[16,-16,-8]},"faces":{"north":{"uv":[7.65625,1.75,7.78125,2],"texture":"#0"},"east":{"uv":[7.53125,1.75,7.65625,2],"texture":"#0"},"south":{"uv":[7.90625,1.75,8.03125,2],"texture":"#0"},"west":{"uv":[7.78125,1.75,7.90625,2],"texture":"#0"},"up":{"uv":[7.78125,1.75,7.65625,1.625],"texture":"#0"},"down":{"uv":[7.90625,1.625,7.78125,1.75],"texture":"#0"}}},{"from":[-1.5,14,3],"to":[0.5,18,5],"rotation":{"angle":0,"axis":"y","origin":[16,-16,-8]},"faces":{"north":{"uv":[7.09375,2.15625,7.21875,2.40625],"texture":"#0"},"east":{"uv":[6.96875,2.15625,7.09375,2.40625],"texture":"#0"},"south":{"uv":[7.34375,2.15625,7.46875,2.40625],"texture":"#0"},"west":{"uv":[7.21875,2.15625,7.34375,2.40625],"texture":"#0"},"up":{"uv":[7.21875,2.15625,7.09375,2.03125],"texture":"#0"},"down":{"uv":[7.34375,2.03125,7.21875,2.15625],"texture":"#0"}}},{"from":[-1,18,3.5],"to":[0,19,4.5],"rotation":{"angle":0,"axis":"y","origin":[16,-16,-8]},"faces":{"north":{"uv":[6.78125,2.09375,6.84375,2.15625],"texture":"#0"},"east":{"uv":[6.71875,2.09375,6.78125,2.15625],"texture":"#0"},"south":{"uv":[6.90625,2.09375,6.96875,2.15625],"texture":"#0"},"west":{"uv":[6.84375,2.09375,6.90625,2.15625],"texture":"#0"},"up":{"uv":[6.84375,2.09375,6.78125,2.03125],"texture":"#0"},"down":{"uv":[6.90625,2.03125,6.84375,2.09375],"texture":"#0"}}},{"from":[3.5,14,3],"to":[5.5,18.5,5],"rotation":{"angle":0,"axis":"y","origin":[16,-16,-8]},"faces":{"north":{"uv":[6.375,1.375,6.5,1.65625],"texture":"#0"},"east":{"uv":[6.25,1.375,6.375,1.65625],"texture":"#0"},"south":{"uv":[6.625,1.375,6.75,1.65625],"texture":"#0"},"west":{"uv":[6.5,1.375,6.625,1.65625],"texture":"#0"},"up":{"uv":[6.5,1.375,6.375,1.25],"texture":"#0"},"down":{"uv":[6.625,1.25,6.5,1.375],"texture":"#0"}}},{"from":[6,14,3],"to":[8,18,5],"rotation":{"angle":0,"axis":"y","origin":[16,-16,-8]},"faces":{"north":{"uv":[6.375,0.59375,6.5,0.84375],"texture":"#0"},"east":{"uv":[6.25,0.59375,6.375,0.84375],"texture":"#0"},"south":{"uv":[6.625,0.59375,6.75,0.84375],"texture":"#0"},"west":{"uv":[6.5,0.59375,6.625,0.84375],"texture":"#0"},"up":{"uv":[6.5,0.59375,6.375,0.46875],"texture":"#0"},"down":{"uv":[6.625,0.46875,6.5,0.59375],"texture":"#0"}}},{"from":[-5.5,-3.5,2],"to":[-5.5,20.5,5],"rotation":{"angle":0,"axis":"y","origin":[16,-16,-8]},"faces":{"north":{"uv":[7.03125,0,7.03125,1.5],"texture":"#0"},"east":{"uv":[0,5,0.1875,6.5],"texture":"#0"},"south":{"uv":[3.28125,0.5,3.28125,2],"texture":"#0"},"west":{"uv":[0.5,5,0.6875,6.5],"texture":"#0"},"up":{"uv":[4.25,0,4.25,0.1875],"texture":"#0"},"down":{"uv":[3.28125,0,3.28125,0.1875],"texture":"#0"}}},{"from":[-5.5,20.5,2],"to":[10,20.5,5],"rotation":{"angle":0,"axis":"y","origin":[16,-16,-8]},"faces":{"north":{"uv":[7.03125,0,8,0],"texture":"#0"},"east":{"uv":[0,5,0.1875,5],"texture":"#0"},"south":{"uv":[3.28125,0.5,4.25,0.5],"texture":"#0"},"west":{"uv":[0.5,5,0.6875,5],"texture":"#0"},"up":{"uv":[4.25,0,5.21875,0.1875],"texture":"#0"},"down":{"uv":[3.28125,0,4.25,0.1875],"texture":"#0"}}},{"from":[-5.5,-3.5,2],"to":[10,-3.5,5],"rotation":{"angle":0,"axis":"y","origin":[16,-16,-8]},"faces":{"north":{"uv":[7.03125,0,8,0],"texture":"#0"},"east":{"uv":[0,5,0.1875,5],"texture":"#0"},"south":{"uv":[3.28125,0.5,4.25,0.5],"texture":"#0"},"west":{"uv":[0.5,5,0.6875,5],"texture":"#0"},"up":{"uv":[4.25,0,5.21875,0.1875],"texture":"#0"},"down":{"uv":[3.28125,0,4.25,0.1875],"texture":"#0"}}},{"from":[-5.5,-3.5,5],"to":[10,20.5,5],"rotation":{"angle":0,"axis":"y","origin":[16,-16,18]},"faces":{"north":{"uv":[4.25,0.5,3.28125,2],"texture":"#0"},"east":{"uv":[0,5,0,6.5],"texture":"#0"},"south":{"uv":[8,0,7.03125,1.5],"texture":"#0"},"west":{"uv":[0.5,5,0.5,6.5],"texture":"#0"},"up":{"uv":[4.25,0,5.21875,0],"texture":"#0"},"down":{"uv":[3.28125,0,4.25,0],"texture":"#0"}}}],"gui_light":"front","display":{"thirdperson_righthand":{"rotation":[67.6,0,0],"translation":[1.1,1,0.25],"scale":[0.13773,0.13773,0.13773]},"thirdperson_lefthand":{"rotation":[67.6,0,0],"translation":[-1.15,1,0.25],"scale":[0.13773,0.13773,0.13773]},"firstperson_righthand":{"translation":[3.75,5.25,0],"scale":[0.21485,0.21485,0.21485]},"firstperson_lefthand":{"translation":[0.5,5.25,0],"scale":[0.21485,0.21485,0.21485]},"ground":{"translation":[2,9,0],"scale":[0.3,0.3,0.3]},"gui":{"rotation":[30,135,0],"translation":[-2,1.5,0],"scale":[0.30859,0.30859,0.30859]},"head":{"rotation":[0,180,0],"translation":[0,-4.8,0],"scale":[1.6,1.6,1.6]},"fixed":{"rotation":[-90,0,0],"translation":[0,0,-48],"scale":[2,2,2]}}}