{"credit":"MadewithBlockbench","texture_size":[32,32],"textures":{"0":"toy_furniture_v1:toy_furniture_v1/chair_2","particle":"toy_furniture_v1:toy_furniture_v1/chair_2"},"elements":[{"from":[1,8,1],"to":[2,10,15],"faces":{"north":{"uv":[6.5,9,7,10],"texture":"#0"},"south":{"uv":[7,9,7.5,10],"texture":"#0"},"west":{"uv":[0.5,6.5,7.5,7.5],"texture":"#0"},"up":{"uv":[0.5,13.5,0,6.5],"texture":"#0"},"down":{"uv":[0.5,6.5,0,13.5],"texture":"#0"}}},{"from":[1,10,13],"to":[3,21,15],"faces":{"north":{"uv":[13,0,14,5.5],"texture":"#0"},"east":{"uv":[12,0,13,5.5],"texture":"#0"},"south":{"uv":[13,0,14,5.5],"texture":"#0"},"west":{"uv":[12,0,13,5.5],"texture":"#0"},"up":{"uv":[13,6.5,12,5.5],"texture":"#0"}}},{"from":[3,17,14],"to":[13,21,15],"faces":{"north":{"uv":[7.5,6.5,12.5,8.5],"texture":"#0"},"south":{"uv":[7.5,6.5,12.5,8.5],"texture":"#0"},"up":{"uv":[12.5,10,7.5,9.5],"texture":"#0"},"down":{"uv":[12.5,9.5,7.5,10],"texture":"#0"}}},{"from":[3,14,14],"to":[13,16,15],"faces":{"north":{"uv":[7.5,8.5,12.5,9.5],"texture":"#0"},"south":{"uv":[7.5,8.5,12.5,9.5],"texture":"#0"},"up":{"uv":[12.5,10,7.5,9.5],"texture":"#0"},"down":{"uv":[12.5,9.5,7.5,10],"texture":"#0"}}},{"from":[1,0,1],"to":[3,8,4],"faces":{"north":{"uv":[2,9,3,13],"texture":"#0"},"east":{"uv":[0.5,9,2,13],"texture":"#0"},"south":{"uv":[4.5,9,5.5,13],"texture":"#0"},"west":{"uv":[3,9,4.5,13],"texture":"#0"},"down":{"uv":[7.5,9,6.5,7.5],"texture":"#0"}}},{"from":[13,10,13],"to":[15,21,15],"rotation":{"angle":0,"axis":"y","origin":[16,0,0]},"faces":{"north":{"uv":[14,0,13,5.5],"texture":"#0"},"east":{"uv":[13,0,12,5.5],"texture":"#0"},"south":{"uv":[14,0,13,5.5],"texture":"#0"},"west":{"uv":[13,0,12,5.5],"texture":"#0"},"up":{"uv":[12,6.5,13,5.5],"texture":"#0"}}},{"from":[14,8,1],"to":[15,10,15],"rotation":{"angle":0,"axis":"y","origin":[16,0,0]},"faces":{"north":{"uv":[7,9,6.5,10],"texture":"#0"},"east":{"uv":[7.5,6.5,0.5,7.5],"texture":"#0"},"south":{"uv":[7.5,9,7,10],"texture":"#0"},"up":{"uv":[0,13.5,0.5,6.5],"texture":"#0"},"down":{"uv":[0,6.5,0.5,13.5],"texture":"#0"}}},{"from":[13,0,4],"to":[15,2,12],"rotation":{"angle":0,"axis":"y","origin":[16,0,0]},"faces":{"north":{"uv":[7,9,6.5,10],"texture":"#0"},"east":{"uv":[6,6.5,2,7.5],"texture":"#0"},"south":{"uv":[7.5,9,7,10],"texture":"#0"},"west":{"uv":[6,6.5,2,7.5],"texture":"#0"},"up":{"uv":[5.5,13,6.5,9],"texture":"#0"},"down":{"uv":[5.5,9,6.5,13],"texture":"#0"}}},{"from":[1,0,4],"to":[3,2,12],"faces":{"north":{"uv":[6.5,9,7,10],"texture":"#0"},"east":{"uv":[2,6.5,6,7.5],"texture":"#0"},"south":{"uv":[7,9,7.5,10],"texture":"#0"},"west":{"uv":[2,6.5,6,7.5],"texture":"#0"},"up":{"uv":[6.5,13,5.5,9],"texture":"#0"},"down":{"uv":[6.5,9,5.5,13],"texture":"#0"}}},{"from":[13,0,1],"to":[15,8,4],"rotation":{"angle":0,"axis":"y","origin":[16,0,0]},"faces":{"north":{"uv":[3,9,2,13],"texture":"#0"},"east":{"uv":[4.5,9,3,13],"texture":"#0"},"south":{"uv":[5.5,9,4.5,13],"texture":"#0"},"west":{"uv":[2,9,0.5,13],"texture":"#0"},"down":{"uv":[6.5,9,7.5,7.5],"texture":"#0"}}},{"from":[1,0,12],"to":[3,8,15],"rotation":{"angle":0,"axis":"y","origin":[0,0,16]},"faces":{"north":{"uv":[5.5,9,4.5,13],"texture":"#0"},"east":{"uv":[2,9,0.5,13],"texture":"#0"},"south":{"uv":[3,9,2,13],"texture":"#0"},"west":{"uv":[4.5,9,3,13],"texture":"#0"},"down":{"uv":[7.5,7.5,6.5,9],"texture":"#0"}}},{"from":[13,0,12],"to":[15,8,15],"rotation":{"angle":0,"axis":"y","origin":[16,0,16]},"faces":{"north":{"uv":[4.5,9,5.5,13],"texture":"#0"},"east":{"uv":[3,9,4.5,13],"texture":"#0"},"south":{"uv":[2,9,3,13],"texture":"#0"},"west":{"uv":[0.5,9,2,13],"texture":"#0"},"down":{"uv":[6.5,7.5,7.5,9],"texture":"#0"}}},{"from":[2,8,14],"to":[14,10,15],"faces":{"south":{"uv":[0.5,8,6.5,9],"texture":"#0"},"up":{"uv":[6.5,8,0.5,7.5],"texture":"#0"},"down":{"uv":[6.5,7.5,0.5,8],"texture":"#0"}}},{"from":[2,8,1],"to":[14,11,14],"faces":{"north":{"uv":[6.5,11.5,12.5,13],"texture":"#0"},"east":{"uv":[6.5,10,13,11.5],"texture":"#0"},"south":{"uv":[6.5,11.5,12.5,13],"texture":"#0"},"west":{"uv":[6.5,10,13,11.5],"texture":"#0"},"up":{"uv":[6,6.5,0,0],"texture":"#0"},"down":{"uv":[12,0,6,6.5],"texture":"#0"}}}],"gui_light":"front","display":{"thirdperson_righthand":{"rotation":[67.5,0,0],"translation":[0,1.75,0.25],"scale":[0.2293,0.2293,0.2293]},"thirdperson_lefthand":{"rotation":[67.5,0,0],"translation":[0,1.75,0.25],"scale":[0.2293,0.2293,0.2293]},"firstperson_righthand":{"translation":[1,4,0.25],"scale":[0.44883,0.44883,0.44883]},"firstperson_lefthand":{"translation":[1,4,0.25],"scale":[0.44883,0.44883,0.44883]},"ground":{"translation":[0,5,0],"scale":[0.45,0.45,0.45]},"gui":{"rotation":[35,135,0],"translation":[0,-1,0],"scale":[0.5,0.5,0.5]},"head":{"rotation":[0,-180,0],"translation":[0,-30.4,0],"scale":[1.6,1.6,1.6]},"fixed":{"rotation":[-90,0,0],"translation":[0,0,-16],"scale":[2,2,2]}}}