{"credit":"MadewithBlockbench","texture_size":[32,32],"textures":{"0":"toy_furniture_v1:toy_furniture_v1/toy_train_bogie","particle":"toy_furniture_v1:toy_furniture_v1/toy_train_bogie"},"elements":[{"from":[7.5,2,0],"to":[8.5,3,2],"rotation":{"angle":0,"axis":"y","origin":[8,3,13.5]},"faces":{"north":{"uv":[12,3,12.5,3.5],"texture":"#0"},"east":{"uv":[13,2.5,12,3],"texture":"#0"},"south":{"uv":[12.5,3,13,3.5],"texture":"#0"},"west":{"uv":[12,2.5,13,3],"texture":"#0"},"up":{"uv":[11.5,3.5,11,2.5],"texture":"#0"},"down":{"uv":[12,2.5,11.5,3.5],"texture":"#0"}}},{"from":[5,8.5,1],"to":[11,9.5,16],"rotation":{"angle":0,"axis":"y","origin":[8.5,3,13.5]},"faces":{"north":{"uv":[7.5,8,10.5,8.5],"texture":"#0"},"east":{"uv":[7.5,8,0,8.5],"texture":"#0"},"south":{"uv":[7.5,8,10.5,8.5],"texture":"#0"},"west":{"uv":[0,8,7.5,8.5],"texture":"#0"},"up":{"uv":[3,7.5,0,0],"texture":"#0"},"down":{"uv":[6,0,3,7.5],"texture":"#0"}}},{"from":[5.5,2.5,1.5],"to":[10.5,8.5,15.5],"rotation":{"angle":0,"axis":"y","origin":[8,3,13.5]},"faces":{"north":{"uv":[7,8.5,9.5,11.5],"texture":"#0"},"east":{"uv":[7,8.5,0,11.5],"texture":"#0"},"south":{"uv":[9.5,8.5,12,11.5],"texture":"#0"},"west":{"uv":[0,8.5,7,11.5],"texture":"#0"}}},{"from":[5.5,1.5,1],"to":[10.5,2.5,16],"rotation":{"angle":0,"axis":"y","origin":[8,3,13.5]},"faces":{"north":{"uv":[7.5,7.5,10,8],"texture":"#0"},"east":{"uv":[0,7.5,7.5,8],"texture":"#0"},"south":{"uv":[7.5,7.5,10,8],"texture":"#0"},"west":{"uv":[0,7.5,7.5,8],"texture":"#0"},"up":{"uv":[8.5,7.5,6,0],"texture":"#0"},"down":{"uv":[11,0,8.5,7.5],"texture":"#0"}}},{"from":[5.5,1,3.5],"to":[10.5,2,4.5],"rotation":{"angle":0,"axis":"y","origin":[8,3,13.5]},"faces":{"north":{"uv":[11,1.5,13.5,2],"texture":"#0"},"east":{"uv":[13.5,2,14,2.5],"texture":"#0"},"south":{"uv":[11,2,13.5,2.5],"texture":"#0"},"west":{"uv":[13.5,1.5,14,2],"texture":"#0"},"down":{"uv":[13.5,1.5,11,2],"texture":"#0"}}},{"from":[5.5,1,8],"to":[10.5,2,9],"rotation":{"angle":0,"axis":"y","origin":[8,3,13.5]},"faces":{"north":{"uv":[11,1.5,13.5,2],"texture":"#0"},"east":{"uv":[13.5,2,14,2.5],"texture":"#0"},"south":{"uv":[11,2,13.5,2.5],"texture":"#0"},"west":{"uv":[13.5,1.5,14,2],"texture":"#0"},"down":{"uv":[13.5,1.5,11,2],"texture":"#0"}}},{"from":[5.5,1,12.5],"to":[10.5,2,13.5],"rotation":{"angle":0,"axis":"y","origin":[8,3,13.5]},"faces":{"north":{"uv":[11,1.5,13.5,2],"texture":"#0"},"east":{"uv":[13.5,2,14,2.5],"texture":"#0"},"south":{"uv":[11,2,13.5,2.5],"texture":"#0"},"west":{"uv":[13.5,1.5,14,2],"texture":"#0"},"down":{"uv":[13.5,1.5,11,2],"texture":"#0"}}},{"from":[4.5,0,2.5],"to":[5.5,3,5.5],"rotation":{"angle":0,"axis":"y","origin":[8,3,13.5]},"faces":{"north":{"uv":[14,0,14.5,1.5],"texture":"#0"},"east":{"uv":[11,0,12.5,1.5],"texture":"#0"},"south":{"uv":[14,0,14.5,1.5],"texture":"#0"},"west":{"uv":[12.5,0,14,1.5],"texture":"#0"},"up":{"uv":[14.5,1.5,14,0],"texture":"#0"},"down":{"uv":[14.5,0,14,1.5],"texture":"#0"}}},{"from":[10.5,0,2.5],"to":[11.5,3,5.5],"rotation":{"angle":0,"axis":"y","origin":[8,3,13.5]},"faces":{"north":{"uv":[14.5,0,14,1.5],"texture":"#0"},"east":{"uv":[14,0,12.5,1.5],"texture":"#0"},"south":{"uv":[14.5,0,14,1.5],"texture":"#0"},"west":{"uv":[12.5,0,11,1.5],"texture":"#0"},"up":{"uv":[14,1.5,14.5,0],"texture":"#0"},"down":{"uv":[14,0,14.5,1.5],"texture":"#0"}}},{"from":[4.5,0,7],"to":[5.5,3,10],"rotation":{"angle":0,"axis":"y","origin":[8,3,13.5]},"faces":{"north":{"uv":[14,0,14.5,1.5],"texture":"#0"},"east":{"uv":[11,0,12.5,1.5],"texture":"#0"},"south":{"uv":[14,0,14.5,1.5],"texture":"#0"},"west":{"uv":[12.5,0,14,1.5],"texture":"#0"},"up":{"uv":[14.5,1.5,14,0],"texture":"#0"},"down":{"uv":[14.5,0,14,1.5],"texture":"#0"}}},{"from":[10.5,0,7],"to":[11.5,3,10],"rotation":{"angle":0,"axis":"y","origin":[8,3,13.5]},"faces":{"north":{"uv":[14.5,0,14,1.5],"texture":"#0"},"east":{"uv":[14,0,12.5,1.5],"texture":"#0"},"south":{"uv":[14.5,0,14,1.5],"texture":"#0"},"west":{"uv":[12.5,0,11,1.5],"texture":"#0"},"up":{"uv":[14,1.5,14.5,0],"texture":"#0"},"down":{"uv":[14,0,14.5,1.5],"texture":"#0"}}},{"from":[4.5,0,11.5],"to":[5.5,3,14.5],"rotation":{"angle":0,"axis":"y","origin":[8,3,13.5]},"faces":{"north":{"uv":[14,0,14.5,1.5],"texture":"#0"},"east":{"uv":[11,0,12.5,1.5],"texture":"#0"},"south":{"uv":[14,0,14.5,1.5],"texture":"#0"},"west":{"uv":[12.5,0,14,1.5],"texture":"#0"},"up":{"uv":[14.5,1.5,14,0],"texture":"#0"},"down":{"uv":[14.5,0,14,1.5],"texture":"#0"}}},{"from":[10.5,0,11.5],"to":[11.5,3,14.5],"rotation":{"angle":0,"axis":"y","origin":[8,3,13.5]},"faces":{"north":{"uv":[14.5,0,14,1.5],"texture":"#0"},"east":{"uv":[14,0,12.5,1.5],"texture":"#0"},"south":{"uv":[14.5,0,14,1.5],"texture":"#0"},"west":{"uv":[12.5,0,11,1.5],"texture":"#0"},"up":{"uv":[14,1.5,14.5,0],"texture":"#0"},"down":{"uv":[14,0,14.5,1.5],"texture":"#0"}}}],"gui_light":"front","display":{"thirdperson_righthand":{"rotation":[67.5,0,0],"translation":[0,3.5,1],"scale":[0.42344,0.42344,0.42344]},"thirdperson_lefthand":{"rotation":[67.5,0,0],"translation":[0,3.5,1],"scale":[0.42344,0.42344,0.42344]},"firstperson_righthand":{"translation":[1.25,6.25,0],"scale":[0.59375,0.59375,0.59375]},"firstperson_lefthand":{"translation":[1.25,6.25,0],"scale":[0.59375,0.59375,0.59375]},"ground":{"translation":[0,6,0],"scale":[0.6,0.6,0.6]},"gui":{"rotation":[35,135,0],"translation":[-0.25,2,0],"scale":[0.93516,0.93516,0.93516]},"head":{"rotation":[0,-180,0],"translation":[0,-30.4,0.75],"scale":[1.6,1.6,1.6]},"fixed":{"rotation":[-90,0,0],"translation":[0,0,-16],"scale":[2,2,2]}}}