{"credit":"MadewithBlockbench","texture_size":[32,32],"textures":{"0":"toy_furniture_v1:toy_furniture_v1/wagon","particle":"toy_furniture_v1:toy_furniture_v1/wagon"},"elements":[{"from":[2,2,0],"to":[14,3,16],"faces":{"north":{"uv":[8,8,14,8.5],"texture":"#0"},"east":{"uv":[0,8,8,8.5],"texture":"#0"},"south":{"uv":[8,8.5,14,9],"texture":"#0"},"west":{"uv":[0,8.5,8,9],"texture":"#0"},"up":{"uv":[6,8,0,0],"texture":"#0"},"down":{"uv":[12,0,6,8],"texture":"#0"}}},{"from":[2,1,2.5],"to":[14,2,4.5],"faces":{"north":{"uv":[6,9,12,9.5],"texture":"#0"},"east":{"uv":[15,8.5,16,9],"texture":"#0"},"south":{"uv":[6,9.5,12,10],"texture":"#0"},"west":{"uv":[14,8.5,15,9],"texture":"#0"},"up":{"uv":[6,10,0,9],"texture":"#0"},"down":{"uv":[14,12.5,8,13.5],"texture":"#0"}}},{"from":[2,1,11.5],"to":[14,2,13.5],"faces":{"north":{"uv":[6,9,12,9.5],"texture":"#0"},"east":{"uv":[15,8.5,16,9],"texture":"#0"},"south":{"uv":[6,9.5,12,10],"texture":"#0"},"west":{"uv":[14,8.5,15,9],"texture":"#0"},"up":{"uv":[6,10,0,9],"texture":"#0"},"down":{"uv":[14,12.5,8,13.5],"texture":"#0"}}},{"from":[2.5,3,0],"to":[3.5,7,16],"faces":{"north":{"uv":[15,4,15.5,6],"texture":"#0"},"east":{"uv":[0,14,8,16],"texture":"#0"},"south":{"uv":[14.5,4,15,6],"texture":"#0"},"west":{"uv":[0,12,8,14],"texture":"#0"},"up":{"uv":[12.5,8,12,0],"texture":"#0"}}},{"from":[12.5,3,0],"to":[13.5,7,16],"rotation":{"angle":0,"axis":"y","origin":[16,0,0]},"faces":{"north":{"uv":[15.5,4,15,6],"texture":"#0"},"east":{"uv":[8,12,0,14],"texture":"#0"},"south":{"uv":[15,4,14.5,6],"texture":"#0"},"west":{"uv":[8,14,0,16],"texture":"#0"},"up":{"uv":[12,8,12.5,0],"texture":"#0"}}},{"from":[3.5,3,0],"to":[12.5,7,1],"faces":{"north":{"uv":[0,10,4.5,12],"texture":"#0"},"south":{"uv":[4.5,10,9,12],"texture":"#0"}}},{"from":[3,7,15],"to":[13,8,16],"rotation":{"angle":0,"axis":"y","origin":[0,0,16]},"faces":{"north":{"uv":[13,14,8,14.5],"texture":"#0"},"east":{"uv":[13.5,13.5,13,14],"texture":"#0"},"south":{"uv":[13,13.5,8,14],"texture":"#0"},"west":{"uv":[13.5,14,13,14.5],"texture":"#0"},"up":{"uv":[13,14.5,8,15],"texture":"#0"}}},{"from":[3.5,3,15],"to":[12.5,7,16],"rotation":{"angle":0,"axis":"y","origin":[0,0,16]},"faces":{"north":{"uv":[9,10,4.5,12],"texture":"#0"},"south":{"uv":[4.5,10,0,12],"texture":"#0"}}},{"from":[3,7,0],"to":[13,8,1],"faces":{"north":{"uv":[8,13.5,13,14],"texture":"#0"},"east":{"uv":[13,13.5,13.5,14],"texture":"#0"},"south":{"uv":[8,14,13,14.5],"texture":"#0"},"west":{"uv":[13,14,13.5,14.5],"texture":"#0"},"up":{"uv":[13,15,8,14.5],"texture":"#0"}}},{"from":[5,6.5,-0.5],"to":[11,8.5,1.5],"faces":{"north":{"uv":[12.5,0,15.5,1],"texture":"#0"},"east":{"uv":[14.5,6,15.5,7],"texture":"#0"},"south":{"uv":[12.5,1,15.5,2],"texture":"#0"},"west":{"uv":[14.5,7,15.5,8],"texture":"#0"},"up":{"uv":[15.5,3,12.5,2],"texture":"#0"},"down":{"uv":[15.5,3,12.5,4],"texture":"#0"}}},{"from":[5,7.25,-11],"to":[11,8.25,-10],"rotation":{"angle":-45,"axis":"x","origin":[8,8,0]},"faces":{"north":{"uv":[8.5,12,11.5,12.5],"texture":"#0"},"east":{"uv":[8,12,8.5,12.5],"texture":"#0"},"south":{"uv":[12,12,15,12.5],"texture":"#0"},"west":{"uv":[11.5,12,12,12.5],"texture":"#0"},"up":{"uv":[12,12,9,11.5],"texture":"#0"},"down":{"uv":[15,11.5,12,12],"texture":"#0"}}},{"from":[5.5,7.25,-8.5],"to":[10.5,8.25,-8],"rotation":{"angle":-45,"axis":"x","origin":[8,8,0]},"faces":{"north":{"uv":[13.5,10,16,10.5],"texture":"#0"},"east":{"uv":[13,14.5,13.25,15],"texture":"#0"},"south":{"uv":[13.5,10.5,16,11],"texture":"#0"},"west":{"uv":[13.25,14.5,13.5,15],"texture":"#0"},"up":{"uv":[10.5,15,8,15.25],"texture":"#0"},"down":{"uv":[13,15,10.5,15.25],"texture":"#0"}}},{"from":[5.5,7.25,-10],"to":[6.5,8.25,-8.5],"rotation":{"angle":-45,"axis":"x","origin":[8,8,0]},"faces":{"east":{"uv":[13.5,11,14.25,11.5],"texture":"#0"},"west":{"uv":[14.25,11,15,11.5],"texture":"#0"},"up":{"uv":[15.5,11.75,15,11],"texture":"#0"},"down":{"uv":[16,11,15.5,11.75],"texture":"#0"}}},{"from":[9.5,7.25,-10],"to":[10.5,8.25,-8.5],"rotation":{"angle":-45,"axis":"x","origin":[8,8,0]},"faces":{"east":{"uv":[15,11,14.25,11.5],"texture":"#0"},"west":{"uv":[14.25,11,13.5,11.5],"texture":"#0"},"up":{"uv":[15,11.75,15.5,11],"texture":"#0"},"down":{"uv":[15.5,11,16,11.75],"texture":"#0"}}},{"from":[7,7.25,-8],"to":[9,8.25,0],"rotation":{"angle":-45,"axis":"x","origin":[8,8,0]},"faces":{"east":{"uv":[12,9,16,9.5],"texture":"#0"},"west":{"uv":[12,9.5,16,10],"texture":"#0"},"up":{"uv":[13.5,8,12.5,4],"texture":"#0"},"down":{"uv":[14.5,4,13.5,8],"texture":"#0"}}},{"from":[1,0.5,1.5],"to":[2,3.5,5.5],"rotation":{"angle":0,"axis":"y","origin":[8,2,3.5]},"faces":{"north":{"uv":[13,10,13.5,11.5],"texture":"#0"},"east":{"uv":[11,10,13,11.5],"texture":"#0"},"south":{"uv":[15.5,7,16,8.5],"texture":"#0"},"west":{"uv":[9,10,11,11.5],"texture":"#0"},"up":{"uv":[16,5,15.5,3],"texture":"#0"},"down":{"uv":[16,5,15.5,7],"texture":"#0"}}},{"from":[1,3.5,2],"to":[2,4,5],"rotation":{"angle":0,"axis":"y","origin":[0,0,4]},"faces":{"north":{"uv":[9.5,15.25,10,15.5],"texture":"#0"},"east":{"uv":[8,15.25,9.5,15.5],"texture":"#0"},"south":{"uv":[11.5,15.25,12,15.5],"texture":"#0"},"west":{"uv":[10,15.25,11.5,15.5],"texture":"#0"},"up":{"uv":[16,1.5,15.5,0],"texture":"#0"}}},{"from":[1,0,2],"to":[2,0.5,5],"rotation":{"angle":0,"axis":"y","origin":[0,0,4]},"faces":{"north":{"uv":[9.5,15.25,10,15.5],"texture":"#0"},"east":{"uv":[8,15.25,9.5,15.5],"texture":"#0"},"south":{"uv":[11.5,15.25,12,15.5],"texture":"#0"},"west":{"uv":[10,15.25,11.5,15.5],"texture":"#0"},"down":{"uv":[16,1.5,15.5,3],"texture":"#0"}}},{"from":[14,3.5,2],"to":[15,4,5],"rotation":{"angle":0,"axis":"y","origin":[0,0,4]},"faces":{"north":{"uv":[10,15.25,9.5,15.5],"texture":"#0"},"east":{"uv":[11.5,15.25,10,15.5],"texture":"#0"},"south":{"uv":[12,15.25,11.5,15.5],"texture":"#0"},"west":{"uv":[9.5,15.25,8,15.5],"texture":"#0"},"up":{"uv":[15.5,1.5,16,0],"texture":"#0"}}},{"from":[14,0.5,1.5],"to":[15,3.5,5.5],"rotation":{"angle":0,"axis":"y","origin":[0,0,4]},"faces":{"north":{"uv":[13.5,10,13,11.5],"texture":"#0"},"east":{"uv":[11,10,9,11.5],"texture":"#0"},"south":{"uv":[16,7,15.5,8.5],"texture":"#0"},"west":{"uv":[13,10,11,11.5],"texture":"#0"},"up":{"uv":[15.5,5,16,3],"texture":"#0"},"down":{"uv":[15.5,5,16,7],"texture":"#0"}}},{"from":[14,0,2],"to":[15,0.5,5],"rotation":{"angle":0,"axis":"y","origin":[0,0,4]},"faces":{"north":{"uv":[10,15.25,9.5,15.5],"texture":"#0"},"east":{"uv":[11.5,15.25,10,15.5],"texture":"#0"},"south":{"uv":[12,15.25,11.5,15.5],"texture":"#0"},"west":{"uv":[9.5,15.25,8,15.5],"texture":"#0"},"down":{"uv":[15.5,1.5,16,3],"texture":"#0"}}},{"from":[1,0.5,10.5],"to":[2,3.5,14.5],"rotation":{"angle":0,"axis":"y","origin":[8,2,12.5]},"faces":{"north":{"uv":[13,10,13.5,11.5],"texture":"#0"},"east":{"uv":[11,10,13,11.5],"texture":"#0"},"south":{"uv":[15.5,7,16,8.5],"texture":"#0"},"west":{"uv":[9,10,11,11.5],"texture":"#0"},"up":{"uv":[16,5,15.5,3],"texture":"#0"},"down":{"uv":[16,5,15.5,7],"texture":"#0"}}},{"from":[1,3.5,11],"to":[2,4,14],"rotation":{"angle":0,"axis":"y","origin":[8,2,12.5]},"faces":{"north":{"uv":[9.5,15.25,10,15.5],"texture":"#0"},"east":{"uv":[8,15.25,9.5,15.5],"texture":"#0"},"south":{"uv":[11.5,15.25,12,15.5],"texture":"#0"},"west":{"uv":[10,15.25,11.5,15.5],"texture":"#0"},"up":{"uv":[16,1.5,15.5,0],"texture":"#0"}}},{"from":[1,0,11],"to":[2,0.5,14],"rotation":{"angle":0,"axis":"y","origin":[8,2,12.5]},"faces":{"north":{"uv":[9.5,15.25,10,15.5],"texture":"#0"},"east":{"uv":[8,15.25,9.5,15.5],"texture":"#0"},"south":{"uv":[11.5,15.25,12,15.5],"texture":"#0"},"west":{"uv":[10,15.25,11.5,15.5],"texture":"#0"},"down":{"uv":[16,1.5,15.5,3],"texture":"#0"}}},{"from":[14,3.5,11],"to":[15,4,14],"rotation":{"angle":0,"axis":"y","origin":[8,2,12.5]},"faces":{"north":{"uv":[10,15.25,9.5,15.5],"texture":"#0"},"east":{"uv":[11.5,15.25,10,15.5],"texture":"#0"},"south":{"uv":[12,15.25,11.5,15.5],"texture":"#0"},"west":{"uv":[9.5,15.25,8,15.5],"texture":"#0"},"up":{"uv":[15.5,1.5,16,0],"texture":"#0"}}},{"from":[14,0.5,10.5],"to":[15,3.5,14.5],"rotation":{"angle":0,"axis":"y","origin":[8,2,12.5]},"faces":{"north":{"uv":[13.5,10,13,11.5],"texture":"#0"},"east":{"uv":[11,10,9,11.5],"texture":"#0"},"south":{"uv":[16,7,15.5,8.5],"texture":"#0"},"west":{"uv":[13,10,11,11.5],"texture":"#0"},"up":{"uv":[15.5,5,16,3],"texture":"#0"},"down":{"uv":[15.5,5,16,7],"texture":"#0"}}},{"from":[14,0,11],"to":[15,0.5,14],"rotation":{"angle":0,"axis":"y","origin":[8,2,12.5]},"faces":{"north":{"uv":[10,15.25,9.5,15.5],"texture":"#0"},"east":{"uv":[11.5,15.25,10,15.5],"texture":"#0"},"south":{"uv":[12,15.25,11.5,15.5],"texture":"#0"},"west":{"uv":[9.5,15.25,8,15.5],"texture":"#0"},"down":{"uv":[15.5,1.5,16,3],"texture":"#0"}}}],"gui_light":"front","display":{"thirdperson_righthand":{"rotation":[67.5,0,0],"translation":[0,3.5,0.5],"scale":[0.4,0.4,0.4]},"thirdperson_lefthand":{"rotation":[67.5,0,0],"translation":[0,3.5,0.5],"scale":[0.4,0.4,0.4]},"firstperson_righthand":{"translation":[1,5.25,1],"scale":[0.5,0.5,0.5]},"firstperson_lefthand":{"translation":[1,5.25,1],"scale":[0.5,0.5,0.5]},"ground":{"translation":[0,5,0],"scale":[0.45547,0.45547,0.45547]},"gui":{"rotation":[35,135,0],"translation":[1.25,2.75,0],"scale":[0.65,0.65,0.65]},"head":{"rotation":[0,-180,0],"translation":[0,-30.4,0],"scale":[1.6,1.6,1.6]},"fixed":{"rotation":[-90,0,0],"translation":[0,0,-16],"scale":[2,2,2]}}}