{"credit":"MadewithBlockbench","texture_size":[32,32],"textures":{"4":"city_streets:bus_stop"},"elements":[{"name":"octagon","from":[5.2375,26.39295,7.64986],"to":[10.1375,28.4226,8.35126],"rotation":{"angle":0,"axis":"y","origin":[7.6875,27.40778,8]},"faces":{"north":{"uv":[4.75,2.5,6.5,3.25],"texture":"#4"},"east":{"uv":[2.75,5.25,3,6],"texture":"#4"},"south":{"uv":[4.75,3.25,6.5,4],"texture":"#4"},"west":{"uv":[3.5,7.5,3.75,8.25],"texture":"#4"},"up":{"uv":[8.5,6,6.75,5.75],"texture":"#4"},"down":{"uv":[8.75,2.75,7,3],"texture":"#4"}}},{"from":[7.3375,-14.59222,7.65],"to":[8.0375,-4.09222,8.35],"rotation":{"angle":0,"axis":"y","origin":[-3.5125,-4.79222,4.5]},"faces":{"north":{"uv":[4.25,6,4.5,9.75],"texture":"#4"},"east":{"uv":[4.5,6,4.75,9.75],"texture":"#4"},"south":{"uv":[6.25,5.5,6.5,9.25],"texture":"#4"},"west":{"uv":[6.5,2.25,6.75,6],"texture":"#4"},"up":{"uv":[3.75,8.5,3.5,8.25],"texture":"#4"},"down":{"uv":[8.5,4.5,8.25,4.75],"texture":"#4"}}},{"from":[7.3375,7.45778,7.65],"to":[8.0375,24.95778,8.35],"rotation":{"angle":0,"axis":"y","origin":[-3.5125,2.90778,4.5]},"faces":{"north":{"uv":[1,3.5,1.25,9.75],"texture":"#4"},"east":{"uv":[1.25,3.5,1.5,9.75],"texture":"#4"},"south":{"uv":[1.5,3.5,1.75,9.75],"texture":"#4"},"west":{"uv":[1.75,3.5,2,9.75],"texture":"#4"},"up":{"uv":[5,8.5,4.75,8.25],"texture":"#4"},"down":{"uv":[8.5,4.75,8.25,5],"texture":"#4"}}},{"from":[5.5875,-3.39222,7.3],"to":[9.7875,6.40778,8.7],"rotation":{"angle":0,"axis":"y","origin":[-3.5125,-4.79222,4.5]},"faces":{"north":{"uv":[0,0,1.5,3.5],"texture":"#4"},"east":{"uv":[0,3.5,0.5,7],"texture":"#4"},"south":{"uv":[1.5,0,3,3.5],"texture":"#4"},"west":{"uv":[0.5,3.5,1,7],"texture":"#4"},"up":{"uv":[8,6.5,6.5,6],"texture":"#4"},"down":{"uv":[8,6.5,6.5,7],"texture":"#4"}}},{"from":[8.7375,14.10778,7.65],"to":[13.6375,22.50778,8.35],"rotation":{"angle":0,"axis":"y","origin":[-3.5125,2.90778,4.5]},"faces":{"north":{"uv":[3,0,4.75,3],"texture":"#4"},"east":{"uv":[6.75,2.25,7,5.25],"texture":"#4"},"south":{"uv":[3,3,4.75,6],"texture":"#4"},"west":{"uv":[2.75,6.75,3,9.75],"texture":"#4"},"up":{"uv":[8.75,3.25,7,3],"texture":"#4"},"down":{"uv":[8.75,3.25,7,3.5],"texture":"#4"}}},{"from":[8.0375,21.10778,7.65],"to":[8.7375,21.80778,8.35],"rotation":{"angle":0,"axis":"y","origin":[-3.5125,2.90778,4.5]},"faces":{"north":{"uv":[5,8.25,5.25,8.5],"texture":"#4"},"east":{"uv":[8.25,5,8.5,5.25],"texture":"#4"},"south":{"uv":[5.25,8.25,5.5,8.5],"texture":"#4"},"west":{"uv":[8.25,5.25,8.5,5.5],"texture":"#4"},"up":{"uv":[5.75,8.5,5.5,8.25],"texture":"#4"},"down":{"uv":[8.5,5.5,8.25,5.75],"texture":"#4"}}},{"from":[8.0375,14.80778,7.65],"to":[8.7375,15.50778,8.35],"rotation":{"angle":0,"axis":"y","origin":[-3.5125,2.90778,4.5]},"faces":{"north":{"uv":[5.75,8.25,6,8.5],"texture":"#4"},"east":{"uv":[6,8.25,6.25,8.5],"texture":"#4"},"south":{"uv":[6.5,8.25,6.75,8.5],"texture":"#4"},"west":{"uv":[6.75,8.25,7,8.5],"texture":"#4"},"up":{"uv":[7.25,8.5,7,8.25],"texture":"#4"},"down":{"uv":[7.5,8.25,7.25,8.5],"texture":"#4"}}},{"from":[8.0375,19.18278,7.65],"to":[8.7375,19.88278,8.35],"rotation":{"angle":0,"axis":"y","origin":[-3.5125,2.90778,4.5]},"faces":{"north":{"uv":[7.5,8.25,7.75,8.5],"texture":"#4"},"east":{"uv":[7.75,8.25,8,8.5],"texture":"#4"},"south":{"uv":[8.25,7.75,8.5,8],"texture":"#4"},"west":{"uv":[8,8.25,8.25,8.5],"texture":"#4"},"up":{"uv":[8.5,8.25,8.25,8],"texture":"#4"},"down":{"uv":[8.5,8.25,8.25,8.5],"texture":"#4"}}},{"from":[5.5875,-4.09222,6.95],"to":[9.7875,-3.39222,9.05],"rotation":{"angle":0,"axis":"y","origin":[-3.5125,-4.79222,4.5]},"faces":{"north":{"uv":[7,4,8.5,4.25],"texture":"#4"},"east":{"uv":[7.5,2,8.25,2.25],"texture":"#4"},"south":{"uv":[7,4.25,8.5,4.5],"texture":"#4"},"west":{"uv":[4.75,7.5,5.5,7.75],"texture":"#4"},"up":{"uv":[7.5,0.75,6,0],"texture":"#4"},"down":{"uv":[7.5,0.75,6,1.5],"texture":"#4"}}},{"from":[5.5875,6.33778,6.95],"to":[9.7875,7.80778,9.05],"rotation":{"angle":0,"axis":"y","origin":[-3.5125,-4.79222,4.5]},"faces":{"north":{"uv":[6.75,5.25,8.25,5.75],"texture":"#4"},"east":{"uv":[2,7,2.75,7.5],"texture":"#4"},"south":{"uv":[7,2.25,8.5,2.75],"texture":"#4"},"west":{"uv":[7,4.5,7.75,5],"texture":"#4"},"up":{"uv":[7.5,2.25,6,1.5],"texture":"#4"},"down":{"uv":[4.25,6,2.75,6.75],"texture":"#4"}}},{"from":[5.9375,-15.99222,6.25],"to":[9.4375,-15.29222,9.75],"rotation":{"angle":0,"axis":"y","origin":[-3.5125,-4.79222,4.5]},"faces":{"north":{"uv":[7,5,8.25,5.25],"texture":"#4"},"east":{"uv":[6.5,7,7.75,7.25],"texture":"#4"},"south":{"uv":[4.75,7.25,6,7.5],"texture":"#4"},"west":{"uv":[6.5,7.25,7.75,7.5],"texture":"#4"},"up":{"uv":[6,1.25,4.75,0],"texture":"#4"},"down":{"uv":[6,1.25,4.75,2.5],"texture":"#4"}}},{"from":[6.6375,-15.29222,6.95],"to":[8.7375,-14.59222,9.05],"rotation":{"angle":0,"axis":"y","origin":[-3.5125,-4.79222,4.5]},"faces":{"north":{"uv":[6.5,7.5,7.25,7.75],"texture":"#4"},"east":{"uv":[7.25,7.5,8,7.75],"texture":"#4"},"south":{"uv":[0,7.75,0.75,8],"texture":"#4"},"west":{"uv":[7.75,0,8.5,0.25],"texture":"#4"},"up":{"uv":[3.75,7.5,3,6.75],"texture":"#4"},"down":{"uv":[0.75,7,0,7.75],"texture":"#4"}}},{"name":"octagon","from":[5.2375,26.39295,7.65],"to":[10.1375,28.4226,8.3486],"rotation":{"angle":45,"axis":"z","origin":[7.6875,27.40778,8]},"faces":{"north":{"uv":[4.75,4,6.5,4.75],"texture":"#4"},"east":{"uv":[5.5,7.5,5.75,8.25],"texture":"#4"},"south":{"uv":[4.75,4.75,6.5,5.5],"texture":"#4"},"west":{"uv":[5.75,7.5,6,8.25],"texture":"#4"},"up":{"uv":[8.75,3.75,7,3.5],"texture":"#4"},"down":{"uv":[8.75,3.75,7,4],"texture":"#4"}}},{"name":"octagon","from":[6.67268,24.95778,7.64993],"to":[8.70232,29.85778,8.35063],"rotation":{"angle":0,"axis":"y","origin":[7.6875,27.40778,8]},"faces":{"north":{"uv":[2,3.5,2.75,5.25],"texture":"#4"},"east":{"uv":[2.75,3.5,3,5.25],"texture":"#4"},"south":{"uv":[2,5.25,2.75,7],"texture":"#4"},"west":{"uv":[3.75,6.75,4,8.5],"texture":"#4"},"up":{"uv":[8.5,0.5,7.75,0.25],"texture":"#4"},"down":{"uv":[8.5,0.5,7.75,0.25],"texture":"#4"}}},{"name":"octagon","from":[6.67268,24.95778,7.65],"to":[8.70232,29.85778,8.3486],"rotation":{"angle":45,"axis":"z","origin":[7.6875,27.40778,8]},"faces":{"north":{"uv":[4.75,5.5,5.5,7.25],"texture":"#4"},"east":{"uv":[4,6.75,4.25,8.5],"texture":"#4"},"south":{"uv":[5.5,5.5,6.25,7.25],"texture":"#4"},"west":{"uv":[0.75,7,1,8.75],"texture":"#4"},"up":{"uv":[8.5,1,7.75,0.75],"texture":"#4"},"down":{"uv":[8.5,1,7.75,1.25],"texture":"#4"}}},{"from":[6.4625,27.75778,7.3],"to":[7.1625,28.45778,8],"rotation":{"angle":0,"axis":"y","origin":[7.6875,27.40778,8]},"faces":{"north":{"uv":[8.5,0,8.75,0.25],"texture":"#4"},"east":{"uv":[8.5,0.25,8.75,0.5],"texture":"#4"},"south":{"uv":[0.5,8.5,0.75,8.75],"texture":"#4"},"west":{"uv":[8.5,0.5,8.75,0.75],"texture":"#4"},"up":{"uv":[8.75,1,8.5,0.75],"texture":"#4"},"down":{"uv":[8.75,1,8.5,1.25],"texture":"#4"}}},{"from":[6.8125,28.45778,7.3],"to":[8.2125,28.80778,8],"rotation":{"angle":0,"axis":"y","origin":[7.6875,27.40778,8]},"faces":{"north":{"uv":[6,2.25,6.5,2.5],"texture":"#4"},"east":{"uv":[2,8.5,2.25,8.75],"texture":"#4"},"south":{"uv":[7.75,1.25,8.25,1.5],"texture":"#4"},"west":{"uv":[2.25,8.5,2.5,8.75],"texture":"#4"},"up":{"uv":[8.25,1.75,7.75,1.5],"texture":"#4"},"down":{"uv":[8.25,1.75,7.75,2],"texture":"#4"}}},{"from":[8.2125,26.00778,7.3],"to":[8.9125,28.80778,8],"rotation":{"angle":0,"axis":"y","origin":[7.6875,27.40778,8]},"faces":{"north":{"uv":[6,7.25,6.25,8.25],"texture":"#4"},"east":{"uv":[7.5,0,7.75,1],"texture":"#4"},"south":{"uv":[7.5,1,7.75,2],"texture":"#4"},"west":{"uv":[2,7.5,2.25,8.5],"texture":"#4"},"up":{"uv":[8.75,2.5,8.5,2.25],"texture":"#4"},"down":{"uv":[2.75,8.5,2.5,8.75],"texture":"#4"}}},{"from":[6.8125,27.40778,7.3],"to":[8.2125,27.75778,8],"rotation":{"angle":0,"axis":"y","origin":[7.6875,27.40778,8]},"faces":{"north":{"uv":[7.75,4.5,8.25,4.75],"texture":"#4"},"east":{"uv":[8.5,2.5,8.75,2.75],"texture":"#4"},"south":{"uv":[4.75,7.75,5.25,8],"texture":"#4"},"west":{"uv":[3,8.5,3.25,8.75],"texture":"#4"},"up":{"uv":[8.25,5,7.75,4.75],"texture":"#4"},"down":{"uv":[7,7.75,6.5,8],"texture":"#4"}}},{"from":[6.4625,26.35778,7.3],"to":[7.1625,27.40778,8],"rotation":{"angle":0,"axis":"y","origin":[7.6875,27.40778,8]},"faces":{"north":{"uv":[5.25,7.75,5.5,8.25],"texture":"#4"},"east":{"uv":[7,7.75,7.25,8.25],"texture":"#4"},"south":{"uv":[7.75,7,8,7.5],"texture":"#4"},"west":{"uv":[7.25,7.75,7.5,8.25],"texture":"#4"},"up":{"uv":[3.5,8.75,3.25,8.5],"texture":"#4"},"down":{"uv":[3.75,8.5,3.5,8.75],"texture":"#4"}}},{"from":[6.8125,26.00778,7.3],"to":[8.2125,26.35778,8],"rotation":{"angle":0,"axis":"y","origin":[7.6875,27.40778,8]},"faces":{"north":{"uv":[7.5,7.75,8,8],"texture":"#4"},"east":{"uv":[3.75,8.5,4,8.75],"texture":"#4"},"south":{"uv":[0,8,0.5,8.25],"texture":"#4"},"west":{"uv":[4,8.5,4.25,8.75],"texture":"#4"},"up":{"uv":[5.25,8.25,4.75,8],"texture":"#4"},"down":{"uv":[8.5,6,8,6.25],"texture":"#4"}}},{"from":[8.2125,27.75778,8],"to":[8.9125,28.45778,8.7],"rotation":{"angle":0,"axis":"y","origin":[8.0375,27.40778,8]},"faces":{"north":{"uv":[8.5,4,8.75,4.25],"texture":"#4"},"east":{"uv":[8.5,4.25,8.75,4.5],"texture":"#4"},"south":{"uv":[8.5,4.5,8.75,4.75],"texture":"#4"},"west":{"uv":[4.75,8.5,5,8.75],"texture":"#4"},"up":{"uv":[8.75,5,8.5,4.75],"texture":"#4"},"down":{"uv":[5.25,8.5,5,8.75],"texture":"#4"}}},{"from":[7.1625,28.45778,8],"to":[8.5625,28.80778,8.7],"rotation":{"angle":0,"axis":"y","origin":[8.0375,27.40778,8]},"faces":{"north":{"uv":[8,6.25,8.5,6.5],"texture":"#4"},"east":{"uv":[8.5,5,8.75,5.25],"texture":"#4"},"south":{"uv":[6.5,8,7,8.25],"texture":"#4"},"west":{"uv":[5.25,8.5,5.5,8.75],"texture":"#4"},"up":{"uv":[8.5,6.75,8,6.5],"texture":"#4"},"down":{"uv":[8.5,6.75,8,7],"texture":"#4"}}},{"from":[6.4625,26.00778,8],"to":[7.1625,28.80778,8.7],"rotation":{"angle":0,"axis":"y","origin":[8.0375,27.40778,8]},"faces":{"north":{"uv":[2.25,7.5,2.5,8.5],"texture":"#4"},"east":{"uv":[2.5,7.5,2.75,8.5],"texture":"#4"},"south":{"uv":[3,7.5,3.25,8.5],"texture":"#4"},"west":{"uv":[3.25,7.5,3.5,8.5],"texture":"#4"},"up":{"uv":[8.75,5.5,8.5,5.25],"texture":"#4"},"down":{"uv":[5.75,8.5,5.5,8.75],"texture":"#4"}}},{"from":[7.1625,27.40778,8],"to":[8.5625,27.75778,8.7],"rotation":{"angle":0,"axis":"y","origin":[8.0375,27.40778,8]},"faces":{"north":{"uv":[8,7,8.5,7.25],"texture":"#4"},"east":{"uv":[8.5,5.5,8.75,5.75],"texture":"#4"},"south":{"uv":[8,7.25,8.5,7.5],"texture":"#4"},"west":{"uv":[5.75,8.5,6,8.75],"texture":"#4"},"up":{"uv":[8,8.25,7.5,8],"texture":"#4"},"down":{"uv":[8.5,7.5,8,7.75],"texture":"#4"}}},{"from":[8.2125,26.35778,8],"to":[8.9125,27.40778,8.7],"rotation":{"angle":0,"axis":"y","origin":[8.0375,27.40778,8]},"faces":{"north":{"uv":[0.5,8,0.75,8.5],"texture":"#4"},"east":{"uv":[8,7.75,8.25,8.25],"texture":"#4"},"south":{"uv":[0,8.25,0.25,8.75],"texture":"#4"},"west":{"uv":[0.25,8.25,0.5,8.75],"texture":"#4"},"up":{"uv":[8.75,6,8.5,5.75],"texture":"#4"},"down":{"uv":[6.25,8.5,6,8.75],"texture":"#4"}}},{"from":[7.1625,26.00778,8],"to":[8.5625,26.35778,8.7],"rotation":{"angle":0,"axis":"y","origin":[8.0375,27.40778,8]},"faces":{"north":{"uv":[8.25,1.25,8.75,1.5],"texture":"#4"},"east":{"uv":[8.5,6,8.75,6.25],"texture":"#4"},"south":{"uv":[8.25,1.5,8.75,1.75],"texture":"#4"},"west":{"uv":[8.5,6.25,8.75,6.5],"texture":"#4"},"up":{"uv":[8.75,2,8.25,1.75],"texture":"#4"},"down":{"uv":[8.75,2,8.25,2.25],"texture":"#4"}}}],"gui_light":"front","display":{"thirdperson_righthand":{"rotation":[68,16,0],"translation":[-0.75,0.5,1.5],"scale":[0.22578,0.22578,0.22578]},"thirdperson_lefthand":{"rotation":[68,16,0],"translation":[-0.75,0.5,1.5],"scale":[0.22578,0.22578,0.22578]},"firstperson_righthand":{"rotation":[18,125,-10],"translation":[3.13,4.2,-0.87],"scale":[0.23078,0.23078,0.23078]},"firstperson_lefthand":{"rotation":[18,125,-10],"translation":[3.13,4.2,-0.87],"scale":[0.23078,0.23078,0.23078]},"ground":{"rotation":[97,0,-88],"translation":[0,-0.25,0],"scale":[0.49,0.49,0.49]},"gui":{"rotation":[22,-139,0],"translation":[0,0.75,0],"scale":[0.32,0.32,0.32]},"head":{"rotation":[0,-1,0],"translation":[0,12,0],"scale":[2.285,2.285,2.285]},"fixed":{"rotation":[-90,0,0],"translation":[0,0,-67.75],"scale":[2.83,2.83,2.83]}}}