{"credit":"Made with Blockbench","texture_size":[256,256],"textures":{"2":"city_streets:metro_entrance5"},"elements":[{"from":[-4.25,0,21.1625],"to":[20.25,2,22.1625],"rotation":{"angle":0,"axis":"y","origin":[8,4.25,8]},"faces":{"north":{"uv":[3.6875,3.8125,6.75,4.0625],"texture":"#2"},"east":{"uv":[1.0625,5.6875,1.1875,5.9375],"texture":"#2"},"south":{"uv":[4.0625,0,7.125,0.25],"texture":"#2"},"west":{"uv":[5.1875,6.25,5.3125,6.5],"texture":"#2"},"up":{"uv":[8.0625,0.375,5,0.25],"texture":"#2"},"down":{"uv":[8.0625,0.375,5,0.5],"texture":"#2"}}},{"from":[-4.5,2,21.6625],"to":[20.5,7,21.6625],"rotation":{"angle":0,"axis":"y","origin":[8,4.25,8]},"faces":{"north":{"uv":[0,2.5,3.125,3.125],"texture":"#2"},"east":{"uv":[0,0,0,0.625],"texture":"#2"},"south":{"uv":[0,3.125,3.125,3.75],"texture":"#2"},"west":{"uv":[0,0,0,0.625],"texture":"#2"},"up":{"uv":[3.125,0,0,0],"texture":"#2"},"down":{"uv":[3.125,0,0,0],"texture":"#2"}}},{"from":[-4,7,21.1625],"to":[20,7.5,22.1625],"rotation":{"angle":0,"axis":"y","origin":[8,4.25,8]},"faces":{"north":{"uv":[5,1.5,8,1.5625],"texture":"#2"},"east":{"uv":[4.4375,6,4.5625,6.0625],"texture":"#2"},"south":{"uv":[5,1.5625,8,1.625],"texture":"#2"},"west":{"uv":[5,6.1875,5.125,6.25],"texture":"#2"},"up":{"uv":[8,0.625,5,0.5],"texture":"#2"},"down":{"uv":[8,0.625,5,0.75],"texture":"#2"}}},{"from":[20.625,2,-10.8375],"to":[20.625,7,21.6625],"rotation":{"angle":0,"axis":"y","origin":[8,4.25,8]},"faces":{"north":{"uv":[0,0,0,0.625],"texture":"#2"},"east":{"uv":[0,0,4.0625,0.625],"texture":"#2"},"south":{"uv":[0,0,0,0.625],"texture":"#2"},"west":{"uv":[0,0.625,4.0625,1.25],"texture":"#2"},"up":{"uv":[0,4.0625,0,0],"texture":"#2"},"down":{"uv":[0,0,0,4.0625],"texture":"#2"}}},{"from":[20,7,-10.8375],"to":[21.25,7.5,22.1625],"rotation":{"angle":0,"axis":"y","origin":[8,4.25,8]},"faces":{"north":{"uv":[5.9375,1.75,6.125,1.8125],"texture":"#2"},"east":{"uv":[5,1.25,9.125,1.3125],"texture":"#2"},"south":{"uv":[6.0625,3.75,6.25,3.8125],"texture":"#2"},"west":{"uv":[5,1.3125,9.125,1.375],"texture":"#2"},"up":{"uv":[3.125,7.875,2.9375,3.75],"texture":"#2"},"down":{"uv":[3.3125,3.8125,3.125,7.9375],"texture":"#2"}}},{"from":[20.25,0,-10.8375],"to":[21.25,2,22.1625],"rotation":{"angle":0,"axis":"y","origin":[8,4.25,8]},"faces":{"north":{"uv":[4.4375,6.3125,4.5625,6.5625],"texture":"#2"},"east":{"uv":[3.125,2.5,7.25,2.75],"texture":"#2"},"south":{"uv":[4.5625,6.3125,4.6875,6.5625],"texture":"#2"},"west":{"uv":[3.125,2.75,7.25,3],"texture":"#2"},"up":{"uv":[2,8.1875,1.875,4.0625],"texture":"#2"},"down":{"uv":[2.125,4.0625,2,8.1875],"texture":"#2"}}},{"from":[-4.625,2,-10.8375],"to":[-4.625,7,21.6625],"rotation":{"angle":0,"axis":"y","origin":[8,4.25,8]},"faces":{"north":{"uv":[0,0,0,0.625],"texture":"#2"},"east":{"uv":[0,1.25,4.0625,1.875],"texture":"#2"},"south":{"uv":[0,0,0,0.625],"texture":"#2"},"west":{"uv":[0,1.875,4.0625,2.5],"texture":"#2"},"up":{"uv":[0,4.0625,0,0],"texture":"#2"},"down":{"uv":[0,0,0,4.0625],"texture":"#2"}}},{"from":[-5.25,7,-10.8375],"to":[-4,7.5,22.1625],"rotation":{"angle":0,"axis":"y","origin":[8,4.25,8]},"faces":{"north":{"uv":[6.125,1.75,6.3125,1.8125],"texture":"#2"},"east":{"uv":[5,1.375,9.125,1.4375],"texture":"#2"},"south":{"uv":[6.125,5.1875,6.3125,5.25],"texture":"#2"},"west":{"uv":[5,1.4375,9.125,1.5],"texture":"#2"},"up":{"uv":[3.5,7.9375,3.3125,3.8125],"texture":"#2"},"down":{"uv":[3.6875,3.8125,3.5,7.9375],"texture":"#2"}}},{"from":[-5.25,0,-10.8375],"to":[-4.25,2,22.1625],"rotation":{"angle":0,"axis":"y","origin":[8,4.25,8]},"faces":{"north":{"uv":[4.6875,6.3125,4.8125,6.5625],"texture":"#2"},"east":{"uv":[3.125,3,7.25,3.25],"texture":"#2"},"south":{"uv":[6.3125,5.1875,6.4375,5.4375],"texture":"#2"},"west":{"uv":[3.125,3.25,7.25,3.5],"texture":"#2"},"up":{"uv":[2.25,8.1875,2.125,4.0625],"texture":"#2"},"down":{"uv":[2.375,4.0625,2.25,8.1875],"texture":"#2"}}},{"from":[20.125,0,4.9125],"to":[21.125,15.5,5.9125],"rotation":{"angle":0,"axis":"y","origin":[8,4.25,8]},"faces":{"north":{"uv":[2.375,4.0625,2.5,6],"texture":"#2"},"east":{"uv":[2.5,4.0625,2.625,6],"texture":"#2"},"south":{"uv":[2.625,4.0625,2.75,6],"texture":"#2"},"west":{"uv":[2.75,4.0625,2.875,6],"texture":"#2"},"up":{"uv":[1.1875,6.3125,1.0625,6.1875],"texture":"#2"},"down":{"uv":[5.4375,6.3125,5.3125,6.4375],"texture":"#2"}}},{"from":[20,14.5,4.6625],"to":[21.25,16.5,6.1625],"rotation":{"angle":0,"axis":"y","origin":[8,4.25,8]},"faces":{"north":{"uv":[4.8125,5.8125,5,6.0625],"texture":"#2"},"east":{"uv":[0.8125,5.9375,1,6.1875],"texture":"#2"},"south":{"uv":[1,5.9375,1.1875,6.1875],"texture":"#2"},"west":{"uv":[3.6875,5.9375,3.875,6.1875],"texture":"#2"},"up":{"uv":[3.875,6.375,3.6875,6.1875],"texture":"#2"},"down":{"uv":[4.0625,6.1875,3.875,6.375],"texture":"#2"}}},{"from":[20.125,16.5,4.9125],"to":[21.125,17,5.9125],"rotation":{"angle":0,"axis":"y","origin":[8,4.25,8]},"faces":{"north":{"uv":[6.4375,5,6.5625,5.0625],"texture":"#2"},"east":{"uv":[6.4375,5.0625,6.5625,5.125],"texture":"#2"},"south":{"uv":[6.4375,5.125,6.5625,5.1875],"texture":"#2"},"west":{"uv":[6.4375,5.1875,6.5625,5.25],"texture":"#2"},"up":{"uv":[6.5,2.3125,6.375,2.1875],"texture":"#2"},"down":{"uv":[6.5,2.3125,6.375,2.4375],"texture":"#2"}}},{"from":[20,12,4.6625],"to":[21.25,14,6.1625],"rotation":{"angle":0,"axis":"y","origin":[8,4.25,8]},"faces":{"north":{"uv":[3.875,5.9375,4.0625,6.1875],"texture":"#2"},"east":{"uv":[4.0625,5.9375,4.25,6.1875],"texture":"#2"},"south":{"uv":[5.9375,4.0625,6.125,4.3125],"texture":"#2"},"west":{"uv":[4.25,5.9375,4.4375,6.1875],"texture":"#2"},"up":{"uv":[4.25,6.375,4.0625,6.1875],"texture":"#2"},"down":{"uv":[4.4375,6.1875,4.25,6.375],"texture":"#2"}}},{"from":[19.625,12.5,4.4125],"to":[21.625,13.5,6.4125],"rotation":{"angle":0,"axis":"y","origin":[8,4.25,8]},"faces":{"north":{"uv":[6.25,3.6875,6.5,3.8125],"texture":"#2"},"east":{"uv":[6.25,4.3125,6.5,4.4375],"texture":"#2"},"south":{"uv":[6.25,4.8125,6.5,4.9375],"texture":"#2"},"west":{"uv":[6.3125,1.75,6.5625,1.875],"texture":"#2"},"up":{"uv":[1.0625,5.9375,0.8125,5.6875],"texture":"#2"},"down":{"uv":[3.9375,5.6875,3.6875,5.9375],"texture":"#2"}}},{"from":[20,9.5,4.6625],"to":[21.25,10,6.1625],"rotation":{"angle":0,"axis":"y","origin":[8,4.25,8]},"faces":{"north":{"uv":[6.375,2.4375,6.5625,2.5],"texture":"#2"},"east":{"uv":[6.375,5.875,6.5625,5.9375],"texture":"#2"},"south":{"uv":[6.375,5.9375,6.5625,6],"texture":"#2"},"west":{"uv":[6.375,6,6.5625,6.0625],"texture":"#2"},"up":{"uv":[5,6.375,4.8125,6.1875],"texture":"#2"},"down":{"uv":[6.375,5.875,6.1875,6.0625],"texture":"#2"}}},{"from":[20,5.5,4.6625],"to":[21.25,6,6.1625],"rotation":{"angle":0,"axis":"y","origin":[8,4.25,8]},"faces":{"north":{"uv":[6.3125,6.375,6.5,6.4375],"texture":"#2"},"east":{"uv":[0,6.4375,0.1875,6.5],"texture":"#2"},"south":{"uv":[0.1875,6.4375,0.375,6.5],"texture":"#2"},"west":{"uv":[0.375,6.4375,0.5625,6.5],"texture":"#2"},"up":{"uv":[0.1875,6.4375,0,6.25],"texture":"#2"},"down":{"uv":[0.375,6.25,0.1875,6.4375],"texture":"#2"}}},{"from":[20,0,4.4125],"to":[21.75,4,6.4125],"rotation":{"angle":0,"axis":"y","origin":[8,4.25,8]},"faces":{"north":{"uv":[0.1875,5.1875,0.4375,5.6875],"texture":"#2"},"east":{"uv":[0.4375,5.1875,0.6875,5.6875],"texture":"#2"},"south":{"uv":[0.6875,5.1875,0.9375,5.6875],"texture":"#2"},"west":{"uv":[0.9375,5.1875,1.1875,5.6875],"texture":"#2"},"up":{"uv":[4.1875,5.9375,3.9375,5.6875],"texture":"#2"},"down":{"uv":[4.4375,5.6875,4.1875,5.9375],"texture":"#2"}}},{"from":[19.75,4,4.1625],"to":[22,5,6.6625],"rotation":{"angle":0,"axis":"y","origin":[8,4.25,8]},"faces":{"north":{"uv":[5.9375,4.3125,6.25,4.4375],"texture":"#2"},"east":{"uv":[4.8125,6.0625,5.125,6.1875],"texture":"#2"},"south":{"uv":[6.125,4.0625,6.4375,4.1875],"texture":"#2"},"west":{"uv":[6.125,4.1875,6.4375,4.3125],"texture":"#2"},"up":{"uv":[5.875,5.5625,5.5625,5.25],"texture":"#2"},"down":{"uv":[5.875,5.5625,5.5625,5.875],"texture":"#2"}}},{"from":[20,6.5,4.6625],"to":[21.25,7,6.1625],"rotation":{"angle":0,"axis":"y","origin":[8,4.25,8]},"faces":{"north":{"uv":[0.5625,6.4375,0.75,6.5],"texture":"#2"},"east":{"uv":[2.375,6.4375,2.5625,6.5],"texture":"#2"},"south":{"uv":[2.5625,6.4375,2.75,6.5],"texture":"#2"},"west":{"uv":[2.75,6.4375,2.9375,6.5],"texture":"#2"},"up":{"uv":[0.5625,6.4375,0.375,6.25],"texture":"#2"},"down":{"uv":[0.75,6.25,0.5625,6.4375],"texture":"#2"}}},{"from":[-3.625,19.375,3.9125],"to":[19.625,21.875,4.9125],"rotation":{"angle":0,"axis":"y","origin":[8,4.25,8]},"faces":{"north":{"uv":[3.125,3.5,6.0625,3.8125],"texture":"#2"},"east":{"uv":[1.1875,6,1.3125,6.3125],"texture":"#2"},"south":{"uv":[0,3.75,2.9375,4.0625],"texture":"#2"},"west":{"uv":[5.3125,6,5.4375,6.3125],"texture":"#2"},"up":{"uv":[7.9375,0.875,5,0.75],"texture":"#2"},"down":{"uv":[7.9375,0.875,5,1],"texture":"#2"}}},{"from":[-3.625,19.375,5.9125],"to":[19.625,21.875,6.9125],"rotation":{"angle":0,"axis":"y","origin":[8,4.25,8]},"faces":{"north":{"uv":[2.9375,3.75,0,4.0625],"texture":"#2"},"east":{"uv":[1.3125,6,1.1875,6.3125],"texture":"#2"},"south":{"uv":[6.0625,3.5,3.125,3.8125],"texture":"#2"},"west":{"uv":[5.4375,6,5.3125,6.3125],"texture":"#2"},"up":{"uv":[7.9375,0.75,5,0.875],"texture":"#2"},"down":{"uv":[7.9375,1,5,0.875],"texture":"#2"}}},{"from":[4.375,17.375,3.7875],"to":[11.625,23.875,5.2875],"rotation":{"angle":0,"axis":"y","origin":[8,4.25,8]},"faces":{"north":{"uv":[0,4.0625,0.9375,4.875],"texture":"#2"},"east":{"uv":[5,4.4375,5.1875,5.25],"texture":"#2"},"south":{"uv":[4.0625,0.25,5,1.0625],"texture":"#2"},"west":{"uv":[4.625,5,4.8125,5.8125],"texture":"#2"},"up":{"uv":[5.9375,1.8125,5,1.625],"texture":"#2"},"down":{"uv":[4.625,5,3.6875,5.1875],"texture":"#2"}}},{"from":[2.875,19.375,3.2875],"to":[13.125,21.875,3.7875],"rotation":{"angle":0,"axis":"y","origin":[8,4.25,8]},"faces":{"north":{"uv":[3.6875,4.0625,5,4.375],"texture":"#2"},"east":{"uv":[2.875,4.0625,2.9375,4.375],"texture":"#2"},"south":{"uv":[3.6875,4.375,5,4.6875],"texture":"#2"},"west":{"uv":[2.875,4.375,2.9375,4.6875],"texture":"#2"},"up":{"uv":[6.3125,1.875,5,1.8125],"texture":"#2"},"down":{"uv":[7,4.4375,5.6875,4.5],"texture":"#2"}}},{"from":[2.875,19.375,7.0375],"to":[13.125,21.875,7.5375],"rotation":{"angle":0,"axis":"y","origin":[8,4.25,8]},"faces":{"north":{"uv":[3.6875,4.6875,5,5],"texture":"#2"},"east":{"uv":[2.875,4.6875,2.9375,5],"texture":"#2"},"south":{"uv":[0,4.875,1.3125,5.1875],"texture":"#2"},"west":{"uv":[1.8125,4.875,1.875,5.1875],"texture":"#2"},"up":{"uv":[7,4.5625,5.6875,4.5],"texture":"#2"},"down":{"uv":[7,4.5625,5.6875,4.625],"texture":"#2"}}},{"from":[4.375,17.375,5.5375],"to":[11.625,23.875,7.0375],"rotation":{"angle":0,"axis":"y","origin":[8,4.25,8]},"faces":{"north":{"uv":[0.9375,4.0625,1.875,4.875],"texture":"#2"},"east":{"uv":[4.8125,5,5,5.8125],"texture":"#2"},"south":{"uv":[4.0625,1.0625,5,1.875],"texture":"#2"},"west":{"uv":[0,5.1875,0.1875,6],"texture":"#2"},"up":{"uv":[5.9375,4.25,5,4.0625],"texture":"#2"},"down":{"uv":[5.9375,4.25,5,4.4375],"texture":"#2"}}},{"from":[20.125,17,4.9125],"to":[21.125,23.5,5.9125],"rotation":{"angle":0,"axis":"y","origin":[8,4.25,8]},"faces":{"north":{"uv":[1.1875,5.1875,1.3125,6],"texture":"#2"},"east":{"uv":[4.4375,5.1875,4.5625,6],"texture":"#2"},"south":{"uv":[5.1875,4.9375,5.3125,5.75],"texture":"#2"},"west":{"uv":[5,5.25,5.125,6.0625],"texture":"#2"},"up":{"uv":[3.8125,6.5,3.6875,6.375],"texture":"#2"},"down":{"uv":[3.9375,6.375,3.8125,6.5],"texture":"#2"}}},{"from":[20,22.5,4.6625],"to":[21.25,24.5,6.1625],"rotation":{"angle":0,"axis":"y","origin":[8,4.25,8]},"faces":{"north":{"uv":[5.9375,4.625,6.125,4.875],"texture":"#2"},"east":{"uv":[5.9375,4.875,6.125,5.125],"texture":"#2"},"south":{"uv":[0,6,0.1875,6.25],"texture":"#2"},"west":{"uv":[0.1875,6,0.375,6.25],"texture":"#2"},"up":{"uv":[2.5625,6.4375,2.375,6.25],"texture":"#2"},"down":{"uv":[2.75,6.25,2.5625,6.4375],"texture":"#2"}}},{"from":[17,21.875,4.9125],"to":[20.25,22.375,5.9125],"rotation":{"angle":0,"axis":"y","origin":[8,4.25,8]},"faces":{"north":{"uv":[6.3125,5.8125,6.75,5.875],"texture":"#2"},"east":{"uv":[6.4375,5.25,6.5625,5.3125],"texture":"#2"},"south":{"uv":[6.375,1.625,6.8125,1.6875],"texture":"#2"},"west":{"uv":[5.3125,6.4375,5.4375,6.5],"texture":"#2"},"up":{"uv":[6.125,5.25,5.6875,5.125],"texture":"#2"},"down":{"uv":[6.3125,5.25,5.875,5.375],"texture":"#2"}}},{"from":[17,18.875,4.9125],"to":[20.25,19.375,5.9125],"rotation":{"angle":0,"axis":"y","origin":[8,4.25,8]},"faces":{"north":{"uv":[6.375,1.6875,6.8125,1.75],"texture":"#2"},"east":{"uv":[6.4375,5.3125,6.5625,5.375],"texture":"#2"},"south":{"uv":[6.375,1.875,6.8125,1.9375],"texture":"#2"},"west":{"uv":[6.4375,5.375,6.5625,5.4375],"texture":"#2"},"up":{"uv":[6.3125,5.5,5.875,5.375],"texture":"#2"},"down":{"uv":[6.3125,5.5,5.875,5.625],"texture":"#2"}}},{"from":[-5.125,0,4.9125],"to":[-4.125,15.5,5.9125],"rotation":{"angle":0,"axis":"y","origin":[8,4.25,8]},"faces":{"north":{"uv":[1.3125,4.875,1.4375,6.8125],"texture":"#2"},"east":{"uv":[1.4375,4.875,1.5625,6.8125],"texture":"#2"},"south":{"uv":[1.5625,4.875,1.6875,6.8125],"texture":"#2"},"west":{"uv":[1.6875,4.875,1.8125,6.8125],"texture":"#2"},"up":{"uv":[4.0625,6.5,3.9375,6.375],"texture":"#2"},"down":{"uv":[4.1875,6.375,4.0625,6.5],"texture":"#2"}}},{"from":[-5.75,0,4.4125],"to":[-4,4,6.4125],"rotation":{"angle":0,"axis":"y","origin":[8,4.25,8]},"faces":{"north":{"uv":[3.6875,5.1875,3.9375,5.6875],"texture":"#2"},"east":{"uv":[3.9375,5.1875,4.1875,5.6875],"texture":"#2"},"south":{"uv":[4.1875,5.1875,4.4375,5.6875],"texture":"#2"},"west":{"uv":[5.1875,4.4375,5.4375,4.9375],"texture":"#2"},"up":{"uv":[5.9375,4.875,5.6875,4.625],"texture":"#2"},"down":{"uv":[5.9375,4.875,5.6875,5.125],"texture":"#2"}}},{"from":[-6,4,4.1625],"to":[-3.75,5,6.6625],"rotation":{"angle":0,"axis":"y","origin":[8,4.25,8]},"faces":{"north":{"uv":[6.125,4.9375,6.4375,5.0625],"texture":"#2"},"east":{"uv":[6.125,5.0625,6.4375,5.1875],"texture":"#2"},"south":{"uv":[5.9375,6.125,6.25,6.25],"texture":"#2"},"west":{"uv":[0.75,6.1875,1.0625,6.3125],"texture":"#2"},"up":{"uv":[0.5,6,0.1875,5.6875],"texture":"#2"},"down":{"uv":[0.8125,5.6875,0.5,6],"texture":"#2"}}},{"from":[-5.25,9.5,4.6625],"to":[-4,10,6.1625],"rotation":{"angle":0,"axis":"y","origin":[8,4.25,8]},"faces":{"north":{"uv":[6.4375,3.5,6.625,3.5625],"texture":"#2"},"east":{"uv":[6.4375,3.5625,6.625,3.625],"texture":"#2"},"south":{"uv":[6.4375,3.625,6.625,3.6875],"texture":"#2"},"west":{"uv":[6.4375,4.0625,6.625,4.125],"texture":"#2"},"up":{"uv":[2.9375,6.4375,2.75,6.25],"texture":"#2"},"down":{"uv":[6.4375,3.5,6.25,3.6875],"texture":"#2"}}},{"from":[-5.25,14.5,4.6625],"to":[-4,16.5,6.1625],"rotation":{"angle":0,"axis":"y","origin":[8,4.25,8]},"faces":{"north":{"uv":[0.375,6,0.5625,6.25],"texture":"#2"},"east":{"uv":[0.5625,6,0.75,6.25],"texture":"#2"},"south":{"uv":[2.375,6,2.5625,6.25],"texture":"#2"},"west":{"uv":[2.5625,6,2.75,6.25],"texture":"#2"},"up":{"uv":[6.4375,4.8125,6.25,4.625],"texture":"#2"},"down":{"uv":[5.1875,6.25,5,6.4375],"texture":"#2"}}},{"from":[-5.125,16.5,4.9125],"to":[-4.125,17,5.9125],"rotation":{"angle":0,"axis":"y","origin":[8,4.25,8]},"faces":{"north":{"uv":[5.5625,6.4375,5.6875,6.5],"texture":"#2"},"east":{"uv":[5.6875,6.4375,5.8125,6.5],"texture":"#2"},"south":{"uv":[5.8125,6.4375,5.9375,6.5],"texture":"#2"},"west":{"uv":[5.9375,6.4375,6.0625,6.5],"texture":"#2"},"up":{"uv":[4.3125,6.5,4.1875,6.375],"texture":"#2"},"down":{"uv":[4.4375,6.375,4.3125,6.5],"texture":"#2"}}},{"from":[-5.25,12,4.6625],"to":[-4,14,6.1625],"rotation":{"angle":0,"axis":"y","origin":[8,4.25,8]},"faces":{"north":{"uv":[2.75,6,2.9375,6.25],"texture":"#2"},"east":{"uv":[5.125,6,5.3125,6.25],"texture":"#2"},"south":{"uv":[5.5625,6,5.75,6.25],"texture":"#2"},"west":{"uv":[5.75,6,5.9375,6.25],"texture":"#2"},"up":{"uv":[5.75,6.4375,5.5625,6.25],"texture":"#2"},"down":{"uv":[5.9375,6.25,5.75,6.4375],"texture":"#2"}}},{"from":[-5.625,12.5,4.4125],"to":[-3.625,13.5,6.4125],"rotation":{"angle":0,"axis":"y","origin":[8,4.25,8]},"faces":{"north":{"uv":[6.3125,5.4375,6.5625,5.5625],"texture":"#2"},"east":{"uv":[6.3125,5.5625,6.5625,5.6875],"texture":"#2"},"south":{"uv":[6.3125,5.6875,6.5625,5.8125],"texture":"#2"},"west":{"uv":[6.3125,6.25,6.5625,6.375],"texture":"#2"},"up":{"uv":[5.375,6,5.125,5.75],"texture":"#2"},"down":{"uv":[4.8125,5.8125,4.5625,6.0625],"texture":"#2"}}},{"from":[-5.25,5.5,4.6625],"to":[-4,6,6.1625],"rotation":{"angle":0,"axis":"y","origin":[8,4.25,8]},"faces":{"north":{"uv":[6.4375,4.125,6.625,4.1875],"texture":"#2"},"east":{"uv":[6.4375,4.1875,6.625,4.25],"texture":"#2"},"south":{"uv":[6.4375,4.25,6.625,4.3125],"texture":"#2"},"west":{"uv":[6.4375,4.625,6.625,4.6875],"texture":"#2"},"up":{"uv":[6.125,6.4375,5.9375,6.25],"texture":"#2"},"down":{"uv":[6.4375,6.0625,6.25,6.25],"texture":"#2"}}},{"from":[-5.25,6.5,4.6625],"to":[-4,7,6.1625],"rotation":{"angle":0,"axis":"y","origin":[8,4.25,8]},"faces":{"north":{"uv":[6.4375,4.6875,6.625,4.75],"texture":"#2"},"east":{"uv":[6.4375,4.75,6.625,4.8125],"texture":"#2"},"south":{"uv":[4.9375,6.4375,5.125,6.5],"texture":"#2"},"west":{"uv":[6.4375,4.9375,6.625,5],"texture":"#2"},"up":{"uv":[6.3125,6.4375,6.125,6.25],"texture":"#2"},"down":{"uv":[0.9375,6.3125,0.75,6.5],"texture":"#2"}}},{"from":[-5.125,17,4.9125],"to":[-4.125,23.5,5.9125],"rotation":{"angle":0,"axis":"y","origin":[8,4.25,8]},"faces":{"north":{"uv":[5.3125,4.9375,5.4375,5.75],"texture":"#2"},"east":{"uv":[5.4375,4.4375,5.5625,5.25],"texture":"#2"},"south":{"uv":[5.4375,5.25,5.5625,6.0625],"texture":"#2"},"west":{"uv":[5.5625,4.4375,5.6875,5.25],"texture":"#2"},"up":{"uv":[4.9375,6.5,4.8125,6.375],"texture":"#2"},"down":{"uv":[5.5625,6.375,5.4375,6.5],"texture":"#2"}}},{"from":[-4.25,21.875,4.9125],"to":[-1,22.375,5.9125],"rotation":{"angle":0,"axis":"y","origin":[8,4.25,8]},"faces":{"north":{"uv":[6.375,1.9375,6.8125,2],"texture":"#2"},"east":{"uv":[6.0625,6.4375,6.1875,6.5],"texture":"#2"},"south":{"uv":[6.375,2,6.8125,2.0625],"texture":"#2"},"west":{"uv":[6.4375,6.0625,6.5625,6.125],"texture":"#2"},"up":{"uv":[6,6,5.5625,5.875],"texture":"#2"},"down":{"uv":[6.3125,5.625,5.875,5.75],"texture":"#2"}}},{"from":[-4.25,18.875,4.9125],"to":[-1,19.375,5.9125],"rotation":{"angle":0,"axis":"y","origin":[8,4.25,8]},"faces":{"north":{"uv":[6.375,2.0625,6.8125,2.125],"texture":"#2"},"east":{"uv":[6.4375,6.125,6.5625,6.1875],"texture":"#2"},"south":{"uv":[6.375,2.125,6.8125,2.1875],"texture":"#2"},"west":{"uv":[6.1875,6.4375,6.3125,6.5],"texture":"#2"},"up":{"uv":[6.3125,5.875,5.875,5.75],"texture":"#2"},"down":{"uv":[6.375,1.625,5.9375,1.75],"texture":"#2"}}},{"from":[-5.25,22.5,4.6625],"to":[-4,24.5,6.1625],"rotation":{"angle":0,"axis":"y","origin":[8,4.25,8]},"faces":{"north":{"uv":[6,5.875,6.1875,6.125],"texture":"#2"},"east":{"uv":[6.0625,3.5,6.25,3.75],"texture":"#2"},"south":{"uv":[4.4375,6.0625,4.625,6.3125],"texture":"#2"},"west":{"uv":[4.625,6.0625,4.8125,6.3125],"texture":"#2"},"up":{"uv":[1.125,6.5,0.9375,6.3125],"texture":"#2"},"down":{"uv":[1.3125,6.3125,1.125,6.5],"texture":"#2"}}}],"gui_light":"front","display":{"thirdperson_righthand":{"rotation":[63,18,-6],"translation":[-1.75,2.75,-0.75],"scale":[0.20117,0.20117,0.20117]},"thirdperson_lefthand":{"rotation":[63,18,-6],"translation":[-1.75,2.75,-0.75],"scale":[0.20117,0.20117,0.20117]},"firstperson_righthand":{"rotation":[5,114,0],"translation":[1.25,3.25,0],"scale":[0.18906,0.18906,0.18906]},"firstperson_lefthand":{"rotation":[5,114,0],"translation":[1.25,3.25,0],"scale":[0.18906,0.18906,0.18906]},"ground":{"translation":[0,3,0],"scale":[0.25,0.25,0.25]},"gui":{"rotation":[12,153,0],"translation":[0.25,-1,0],"scale":[0.40234,0.40234,0.40234]},"head":{"translation":[0,-17.75,-3.75],"scale":[3.2,3.2,3.2]},"fixed":{"rotation":[-90,0,0],"translation":[0.25,-68.75,-30.5],"scale":[4,4,4]}}}