{"credit":"MadewithBlockbench","texture_size":[128,128],"textures":{"2":"city_streets:red_cabin4","particle":"city_streets:red_cabin4"},"elements":[{"from":[-2,26,-3.25],"to":[18,28,15.75],"rotation":{"angle":0,"axis":"y","origin":[8,28.5,-2.75]},"faces":{"north":{"uv":[10.625,4,13.125,4.25],"texture":"#2"},"east":{"uv":[10.625,11.25,13,11.5],"texture":"#2"},"south":{"uv":[10.625,11,13.125,11.25],"texture":"#2"},"west":{"uv":[5.375,11.5,7.75,11.75],"texture":"#2"},"up":{"uv":[11.625,7.125,9.125,4.75],"texture":"#2"},"down":{"uv":[11.625,7.125,9.125,9.5],"texture":"#2"}}},{"from":[11.49162,26.76254,-2.25],"to":[16.49162,30.76254,14.75],"rotation":{"angle":-22.5,"axis":"z","origin":[13.99162,28.01254,-1.75]},"faces":{"north":{"uv":[11.625,6.25,12.25,6.75],"texture":"#2"},"east":{"uv":[10.625,1,12.75,1.5],"texture":"#2"},"south":{"uv":[11.625,6.75,12.25,7.25],"texture":"#2"},"west":{"uv":[10.625,1.5,12.75,2],"texture":"#2"},"up":{"uv":[10.625,11.625,10,9.5],"texture":"#2"},"down":{"uv":[4.125,10.25,3.5,12.375],"texture":"#2"}}},{"from":[3,28,-2.45],"to":[13,32,14.95],"rotation":{"angle":0,"axis":"y","origin":[8,28.5,-2.75]},"faces":{"north":{"uv":[1.875,10.75,3.125,11.25],"texture":"#2"},"east":{"uv":[10.625,2,12.75,2.5],"texture":"#2"},"south":{"uv":[0,11.25,1.25,11.75],"texture":"#2"},"west":{"uv":[10.625,2.5,12.75,3],"texture":"#2"},"up":{"uv":[10.625,2.125,9.375,0],"texture":"#2"},"down":{"uv":[10.625,2.125,9.375,4.25],"texture":"#2"}}},{"from":[-0.49162,26.76254,-2.25],"to":[4.50838,30.76254,14.75],"rotation":{"angle":22.5,"axis":"z","origin":[2.00838,28.01254,-1.75]},"faces":{"north":{"uv":[11.625,7.25,12.25,7.75],"texture":"#2"},"east":{"uv":[10.625,3,12.75,3.5],"texture":"#2"},"south":{"uv":[11.625,7.75,12.25,8.25],"texture":"#2"},"west":{"uv":[10.625,3.5,12.75,4],"texture":"#2"},"up":{"uv":[4.75,12.375,4.125,10.25],"texture":"#2"},"down":{"uv":[5.375,10.25,4.75,12.375],"texture":"#2"}}},{"from":[-1.75,27.5,-2.15],"to":[0.25,29.5,14.65],"rotation":{"angle":0,"axis":"y","origin":[8,28.5,-2.75]},"faces":{"north":{"uv":[7.375,12,7.625,12.25],"texture":"#2"},"east":{"uv":[11.625,4.5,13.75,4.75],"texture":"#2"},"south":{"uv":[10.5,12,10.75,12.25],"texture":"#2"},"west":{"uv":[11.625,4.75,13.75,5],"texture":"#2"},"up":{"uv":[2,13.375,1.75,11.25],"texture":"#2"},"down":{"uv":[2.25,11.25,2,13.375],"texture":"#2"}}},{"from":[15.75,27.5,-2.15],"to":[17.75,29.5,14.65],"rotation":{"angle":0,"axis":"y","origin":[8,28.5,-2.75]},"faces":{"north":{"uv":[10.75,12,11,12.25],"texture":"#2"},"east":{"uv":[11.625,5,13.75,5.25],"texture":"#2"},"south":{"uv":[11,12,11.25,12.25],"texture":"#2"},"west":{"uv":[11.625,5.25,13.75,5.5],"texture":"#2"},"up":{"uv":[2.5,13.375,2.25,11.25],"texture":"#2"},"down":{"uv":[2.75,11.25,2.5,13.375],"texture":"#2"}}},{"from":[-1,22,-2.25],"to":[17,26,-1.25],"rotation":{"angle":0,"axis":"y","origin":[8,28.5,-2.75]},"faces":{"north":{"uv":[9.375,4.25,11.625,4.75],"texture":"#2"},"east":{"uv":[7.625,11.75,7.75,12.25],"texture":"#2"},"south":{"uv":[5.375,10.25,7.625,10.75],"texture":"#2"},"west":{"uv":[11.25,12,11.375,12.5],"texture":"#2"},"up":{"uv":[13.875,8.375,11.625,8.25],"texture":"#2"},"down":{"uv":[13.875,8.375,11.625,8.5],"texture":"#2"}}},{"from":[-1,22,-1.25],"to":[0,26,13.75],"rotation":{"angle":0,"axis":"y","origin":[8,28.5,14.25]},"faces":{"north":{"uv":[11.375,12,11.5,12.5],"texture":"#2"},"east":{"uv":[10.625,9.5,12.5,10],"texture":"#2"},"south":{"uv":[11.5,12,11.625,12.5],"texture":"#2"},"west":{"uv":[10.625,10,12.5,10.5],"texture":"#2"},"up":{"uv":[10.125,13.5,10,11.625],"texture":"#2"},"down":{"uv":[10.25,11.625,10.125,13.5],"texture":"#2"}}},{"from":[-1,22,13.75],"to":[17,26,14.75],"rotation":{"angle":0,"axis":"y","origin":[8,28.5,14.25]},"faces":{"north":{"uv":[10.625,0,12.875,0.5],"texture":"#2"},"east":{"uv":[11.625,12,11.75,12.5],"texture":"#2"},"south":{"uv":[10.625,0.5,12.875,1],"texture":"#2"},"west":{"uv":[11.75,12,11.875,12.5],"texture":"#2"},"up":{"uv":[13.875,8.625,11.625,8.5],"texture":"#2"},"down":{"uv":[13.875,8.625,11.625,8.75],"texture":"#2"}}},{"from":[14,23,12.25],"to":[15,25,14.25],"rotation":{"angle":0,"axis":"y","origin":[8,28.5,14.25]},"faces":{"north":{"uv":[7.875,10.75,8,11],"texture":"#2"},"east":{"uv":[12,11.75,12.25,12],"texture":"#2"},"south":{"uv":[5.75,12.25,5.875,12.5],"texture":"#2"},"west":{"uv":[11.875,12,12.125,12.25],"texture":"#2"},"up":{"uv":[6,12.5,5.875,12.25],"texture":"#2"},"down":{"uv":[6.125,12.25,6,12.5],"texture":"#2"}}},{"from":[1,23,12.25],"to":[2,25,14.25],"rotation":{"angle":0,"axis":"y","origin":[8,28.5,14.25]},"faces":{"north":{"uv":[6.125,12.25,6.25,12.5],"texture":"#2"},"east":{"uv":[12.125,5.5,12.375,5.75],"texture":"#2"},"south":{"uv":[6.25,12.25,6.375,12.5],"texture":"#2"},"west":{"uv":[12.125,5.75,12.375,6],"texture":"#2"},"up":{"uv":[12.375,6.5,12.25,6.25],"texture":"#2"},"down":{"uv":[6.5,12.25,6.375,12.5],"texture":"#2"}}},{"from":[2,23.5,12.75],"to":[14,24.5,13.75],"rotation":{"angle":0,"axis":"y","origin":[8,28.5,14.25]},"faces":{"north":{"uv":[5.375,11.75,6.875,11.875],"texture":"#2"},"east":{"uv":[10.5,11.625,10.625,11.75],"texture":"#2"},"south":{"uv":[10.5,11.75,12,11.875],"texture":"#2"},"west":{"uv":[6.5,12.25,6.625,12.375],"texture":"#2"},"up":{"uv":[6.875,12,5.375,11.875],"texture":"#2"},"down":{"uv":[12,11.875,10.5,12],"texture":"#2"}}},{"from":[16,22,-1.25],"to":[17,26,13.75],"rotation":{"angle":0,"axis":"y","origin":[8,28.5,14.25]},"faces":{"north":{"uv":[12.125,12,12.25,12.5],"texture":"#2"},"east":{"uv":[10.625,10.5,12.5,11],"texture":"#2"},"south":{"uv":[5.375,12.25,5.5,12.75],"texture":"#2"},"west":{"uv":[0,10.75,1.875,11.25],"texture":"#2"},"up":{"uv":[10.375,13.5,10.25,11.625],"texture":"#2"},"down":{"uv":[10.5,11.625,10.375,13.5],"texture":"#2"}}},{"from":[-1,-16,14.75],"to":[17,22,15.75],"rotation":{"angle":0,"axis":"y","origin":[0,0,13.75]},"faces":{"north":{"uv":[2.375,4.75,4.625,9.5],"texture":"#2"},"east":{"uv":[3.125,10.75,3.25,15.5],"texture":"#2"},"south":{"uv":[4.625,4.75,6.875,9.5],"texture":"#2"},"west":{"uv":[3.25,10.75,3.375,15.5],"texture":"#2"},"up":{"uv":[13.875,8.875,11.625,8.75],"texture":"#2"},"down":{"uv":[13.875,8.875,11.625,9],"texture":"#2"}}},{"from":[1,14,14.6],"to":[4,16,14.6],"rotation":{"angle":0,"axis":"y","origin":[0,0,13.75]},"faces":{"north":{"uv":[7.625,10.25,8,10.5],"texture":"#2"},"east":{"uv":[0,0,0,0.25],"texture":"#2"},"south":{"uv":[7.625,10.5,8,10.75],"texture":"#2"},"west":{"uv":[0,0,0,0.25],"texture":"#2"},"up":{"uv":[0.375,0,0,0],"texture":"#2"},"down":{"uv":[0.375,0,0,0],"texture":"#2"}}},{"from":[5,15,14.6],"to":[8,17,14.6],"rotation":{"angle":22.5,"axis":"z","origin":[10.5,15,14.6]},"faces":{"north":{"uv":[5.875,12,6.25,12.25],"texture":"#2"},"east":{"uv":[0,0,0,0.25],"texture":"#2"},"south":{"uv":[6.25,12,6.625,12.25],"texture":"#2"},"west":{"uv":[0,0,0,0.25],"texture":"#2"},"up":{"uv":[0.375,0,0,0],"texture":"#2"},"down":{"uv":[0.375,0,0,0],"texture":"#2"}}},{"from":[-1,-2.5,8.75],"to":[17,-0.5,14.75],"rotation":{"angle":0,"axis":"y","origin":[0,0,13.75]},"faces":{"north":{"uv":[10.625,11.5,12.875,11.75],"texture":"#2"},"east":{"uv":[7.125,10.75,7.875,11],"texture":"#2"},"south":{"uv":[11.625,4.25,13.875,4.5],"texture":"#2"},"west":{"uv":[6.375,11.25,7.125,11.5],"texture":"#2"},"up":{"uv":[5.75,10.25,3.5,9.5],"texture":"#2"},"down":{"uv":[8,9.5,5.75,10.25],"texture":"#2"}}},{"from":[-2,-16,-3.25],"to":[-1,22,15.75],"rotation":{"angle":0,"axis":"y","origin":[0,0,-2.25]},"faces":{"north":{"uv":[3.375,10.75,3.5,15.5],"texture":"#2"},"east":{"uv":[0,0,2.375,4.75],"texture":"#2"},"south":{"uv":[9.875,11,10,15.75],"texture":"#2"},"west":{"uv":[2.375,0,4.75,4.75],"texture":"#2"},"up":{"uv":[3.125,13.625,3,11.25],"texture":"#2"},"down":{"uv":[8.625,11.5,8.5,13.875],"texture":"#2"}}},{"from":[17,-16,-3.25],"to":[18,22,15.75],"rotation":{"angle":0,"axis":"y","origin":[16,0,-2.25]},"faces":{"north":{"uv":[1.25,11.25,1.375,16],"texture":"#2"},"east":{"uv":[0,4.75,2.375,9.5],"texture":"#2"},"south":{"uv":[1.375,11.25,1.5,16],"texture":"#2"},"west":{"uv":[4.75,0,7.125,4.75],"texture":"#2"},"up":{"uv":[8.75,13.875,8.625,11.5],"texture":"#2"},"down":{"uv":[8.875,11.5,8.75,13.875],"texture":"#2"}}},{"from":[-1,-16,-3.25],"to":[17,22,-2.25],"rotation":{"angle":0,"axis":"y","origin":[-1,3,-2.75]},"faces":{"north":{"uv":[6.875,4.75,9.125,9.5],"texture":"#2"},"east":{"uv":[1.5,11.25,1.625,16],"texture":"#2"},"south":{"uv":[7.125,0,9.375,4.75],"texture":"#2"},"west":{"uv":[1.625,11.25,1.75,16],"texture":"#2"},"up":{"uv":[13.875,9.125,11.625,9],"texture":"#2"},"down":{"uv":[13.875,9.125,11.625,9.25],"texture":"#2"}}},{"from":[7,0,12.75],"to":[15,12,14.75],"rotation":{"angle":0,"axis":"y","origin":[3,0,-2.25]},"faces":{"north":{"uv":[8,9.5,9,11],"texture":"#2"},"east":{"uv":[2.75,11.25,3,12.75],"texture":"#2"},"south":{"uv":[9,9.5,10,11],"texture":"#2"},"west":{"uv":[7.75,11.5,8,13],"texture":"#2"},"up":{"uv":[6.375,11.5,5.375,11.25],"texture":"#2"},"down":{"uv":[12.625,9.25,11.625,9.5],"texture":"#2"}}},{"from":[2,-12,10.75],"to":[14,-4,14.75],"rotation":{"angle":0,"axis":"y","origin":[3,0,-2.25]},"faces":{"north":{"uv":[0,9.5,1.75,10.75],"texture":"#2"},"east":{"uv":[8.875,11,9.375,12.25],"texture":"#2"},"south":{"uv":[1.75,9.5,3.5,10.75],"texture":"#2"},"west":{"uv":[9.375,11,9.875,12.25],"texture":"#2"},"up":{"uv":[7.125,11.25,5.375,10.75],"texture":"#2"},"down":{"uv":[8.875,11,7.125,11.5],"texture":"#2"}}},{"from":[7.5,0,12.75],"to":[11.5,6,14.75],"rotation":{"angle":22.5,"axis":"x","origin":[11,6,13.75]},"faces":{"north":{"uv":[8,11.5,8.5,12.25],"texture":"#2"},"east":{"uv":[0,11.75,0.25,12.5],"texture":"#2"},"south":{"uv":[11.625,5.5,12.125,6.25],"texture":"#2"},"west":{"uv":[0.25,11.75,0.5,12.5],"texture":"#2"},"up":{"uv":[7.625,12,7.125,11.75],"texture":"#2"},"down":{"uv":[5.875,12,5.375,12.25],"texture":"#2"}}},{"from":[12.25,3.25,10.75],"to":[14.25,9.25,12.75],"rotation":{"angle":0,"axis":"y","origin":[3,0,-2.25]},"faces":{"north":{"uv":[0.5,11.75,0.75,12.5],"texture":"#2"},"east":{"uv":[0.75,11.75,1,12.5],"texture":"#2"},"south":{"uv":[1,11.75,1.25,12.5],"texture":"#2"},"west":{"uv":[6.875,11.75,7.125,12.5],"texture":"#2"},"up":{"uv":[12.375,6.25,12.125,6],"texture":"#2"},"down":{"uv":[5.75,12.25,5.5,12.5],"texture":"#2"}}},{"from":[12.25,1.25,10.75],"to":[14.25,4.25,10.75],"rotation":{"angle":-22.5,"axis":"x","origin":[13.25,6.25,12.75]},"faces":{"north":{"uv":[6.625,12,6.875,12.375],"texture":"#2"},"east":{"uv":[0,0,0,0.375],"texture":"#2"},"south":{"uv":[7.125,12,7.375,12.375],"texture":"#2"},"west":{"uv":[0,0,0,0.375],"texture":"#2"},"up":{"uv":[0.25,0,0,0],"texture":"#2"},"down":{"uv":[0.25,0,0,0],"texture":"#2"}}}],"gui_light":"front","display":{"thirdperson_righthand":{"rotation":[68,16,0],"translation":[-0.75,3.25,1.5],"scale":[0.22578,0.22578,0.22578]},"thirdperson_lefthand":{"rotation":[68,16,0],"translation":[-0.75,3.25,1.5],"scale":[0.22578,0.22578,0.22578]},"firstperson_righthand":{"rotation":[18,125,-10],"translation":[3.13,4.2,-0.87],"scale":[0.23078,0.23078,0.23078]},"firstperson_lefthand":{"rotation":[18,125,-10],"translation":[3.13,4.2,-0.87],"scale":[0.23078,0.23078,0.23078]},"ground":{"translation":[0,4.25,0],"scale":[0.22852,0.22852,0.22852]},"gui":{"rotation":[1,163,0],"scale":[0.32422,0.32422,0.32422]},"head":{"translation":[0,-4.5,0],"scale":[1.6,1.6,1.6]},"fixed":{"rotation":[-90,0,0],"translation":[0,0,-47.5],"scale":[2,2,2]}}}