{"credit":"MadewithBlockbench","texture_size":[64,64],"textures":{"2":"omstore:woodpack_1/tent"},"elements":[{"from":[-2.5,-15,29.25],"to":[-0.5,29,31.25],"rotation":{"angle":-45,"axis":"z","origin":[8,11.5,9.11047]},"faces":{"north":{"uv":[0,0,0.5,11],"texture":"#2"},"east":{"uv":[0.5,0,0,11],"texture":"#2"},"south":{"uv":[0,0,0.5,11],"texture":"#2"},"west":{"uv":[0.5,0,0,11],"texture":"#2"},"up":{"uv":[0,11,0.5,11.5],"texture":"#2"},"down":{"uv":[0,11.5,0.5,12],"texture":"#2"}}},{"from":[16.5,-15,29.25],"to":[18.5,29,31.25],"rotation":{"angle":45,"axis":"z","origin":[8,11.5,9.11047]},"faces":{"north":{"uv":[0.5,0,0,11],"texture":"#2"},"east":{"uv":[0,0,0.5,11],"texture":"#2"},"south":{"uv":[0.5,0,0,11],"texture":"#2"},"west":{"uv":[0,0,0.5,11],"texture":"#2"},"up":{"uv":[0.5,11,0,11.5],"texture":"#2"},"down":{"uv":[0.5,11.5,0,12],"texture":"#2"}}},{"from":[16.5,-15,-15.25],"to":[18.5,29,-13.25],"rotation":{"angle":45,"axis":"z","origin":[8,11.5,6.88953]},"faces":{"north":{"uv":[0,0,0.5,11],"texture":"#2"},"east":{"uv":[0.5,0,0,11],"texture":"#2"},"south":{"uv":[0,0,0.5,11],"texture":"#2"},"west":{"uv":[0.5,0,0,11],"texture":"#2"},"up":{"uv":[0.5,11.5,0,11],"texture":"#2"},"down":{"uv":[0.5,12,0,11.5],"texture":"#2"}}},{"from":[-2.5,-15,-15.25],"to":[-0.5,29,-13.25],"rotation":{"angle":-45,"axis":"z","origin":[8,11.5,6.88953]},"faces":{"north":{"uv":[0.5,0,0,11],"texture":"#2"},"east":{"uv":[0,0,0.5,11],"texture":"#2"},"south":{"uv":[0.5,0,0,11],"texture":"#2"},"west":{"uv":[0,0,0.5,11],"texture":"#2"},"up":{"uv":[0,11.5,0.5,11],"texture":"#2"},"down":{"uv":[0,12,0.5,11.5],"texture":"#2"}}},{"from":[-1.5,-13,-13.5],"to":[-1.5,21,29.5],"rotation":{"angle":-45,"axis":"z","origin":[8,11.5,10.11047]},"faces":{"north":{"uv":[11.5,0,0.75,8.5],"texture":"#2"},"east":{"uv":[0.75,0,11.5,8.5],"texture":"#2"},"south":{"uv":[11.5,0,0.75,8.5],"texture":"#2"},"west":{"uv":[11.5,0,0.75,8.5],"texture":"#2"},"up":{"uv":[11.5,0,0.75,8.5],"texture":"#2"},"down":{"uv":[11.5,0,0.75,8.5],"texture":"#2"}}},{"from":[17.5,-13,-13.5],"to":[17.5,21,29.5],"rotation":{"angle":45,"axis":"z","origin":[8,11.5,10.11047]},"faces":{"north":{"uv":[0.75,0,11.5,8.5],"texture":"#2"},"east":{"uv":[0.75,0,11.5,8.5],"texture":"#2"},"south":{"uv":[0.75,0,11.5,8.5],"texture":"#2"},"west":{"uv":[11.5,0,0.75,8.5],"texture":"#2"},"up":{"uv":[0.75,0,11.5,8.5],"texture":"#2"},"down":{"uv":[0.75,0,11.5,8.5],"texture":"#2"}}},{"from":[7,0,29.15],"to":[9,25,31.15],"rotation":{"angle":0,"axis":"z","origin":[8,11.5,9.11047]},"faces":{"north":{"uv":[0.5,2.25,0,8.5],"texture":"#2"},"east":{"uv":[0.5,2.25,0,8.5],"texture":"#2"},"south":{"uv":[0.5,2.25,0,8.5],"texture":"#2"},"west":{"uv":[0.5,2.25,0,8.5],"texture":"#2"},"up":{"uv":[0.5,2.25,0,8.5],"texture":"#2"},"down":{"uv":[0.5,2.25,0,2.75],"texture":"#2"}}},{"from":[-15,0,30.4],"to":[32,25,30.4],"rotation":{"angle":0,"axis":"z","origin":[8,11.5,9.11047]},"faces":{"north":{"uv":[0.5,8.5,12.25,14.75],"texture":"#2"},"south":{"uv":[12.25,8.5,0.5,14.75],"texture":"#2"}}},{"from":[-15,0,-14.4],"to":[32,25,-14.4],"rotation":{"angle":0,"axis":"z","origin":[8,11.5,6.88953]},"faces":{"north":{"uv":[0.5,8.5,12.25,14.75],"texture":"#2"},"south":{"uv":[12.25,8.5,0.5,14.75],"texture":"#2"}}},{"from":[7,0,-15.15],"to":[9,25,-13.15],"rotation":{"angle":0,"axis":"z","origin":[8,11.5,6.88953]},"faces":{"north":{"uv":[0,2.25,0.5,8.5],"texture":"#2"},"east":{"uv":[0,2.25,0.5,8.5],"texture":"#2"},"south":{"uv":[0,2.25,0.5,8.5],"texture":"#2"},"west":{"uv":[0,2.25,0.5,8.5],"texture":"#2"},"up":{"uv":[0.5,8.5,0,2.25],"texture":"#2"},"down":{"uv":[0.5,2.75,0,2.25],"texture":"#2"}}}],"gui_light":"front","display":{"thirdperson_righthand":{"rotation":[0,180,0],"translation":[0,1,1.5],"scale":[0.1,0.1,0.1]},"thirdperson_lefthand":{"rotation":[0,180,0],"translation":[0,1,1.5],"scale":[0.1,0.1,0.1]},"firstperson_righthand":{"rotation":[-180,66.5,-180],"translation":[2.25,3.5,1.25],"scale":[0.25,0.25,0.25]},"firstperson_lefthand":{"rotation":[-180,66.5,-180],"translation":[2.25,3.5,1.25],"scale":[0.25,0.25,0.25]},"ground":{"translation":[0,2.25,0],"scale":[0.3,0.3,0.3]},"gui":{"rotation":[12.5,-35,0],"translation":[0,-0.75,0],"scale":[0.22,0.22,0.22]},"head":{"translation":[0,-30.25,0],"scale":[1.61,1.61,1.61]},"fixed":{"rotation":[-90,0,0],"translation":[0,0,-16],"scale":[2,2,2]}}}