{"credit":"76694 / 65812BK","texture_size":[64,64],"textures":{"0":"park_plus:light_pallet","particle":"park_plus:light_pallet"},"elements":[{"from":[0,3,0],"to":[16,5,4],"rotation":{"angle":0,"axis":"z","origin":[8,8,14.5]},"faces":{"north":{"uv":[4,2,8,2.5],"texture":"#0"},"east":{"uv":[6,7.5,7,8],"texture":"#0"},"south":{"uv":[4,2.5,8,3],"texture":"#0"},"west":{"uv":[7,7.5,8,8],"texture":"#0"},"up":{"uv":[4,3,0,2],"texture":"#0"},"down":{"uv":[4,3,0,4],"texture":"#0"}}},{"from":[0,3,6],"to":[16,5,10],"rotation":{"angle":0,"axis":"z","origin":[8,8,14.5]},"faces":{"north":{"uv":[4,1,8,1.5],"texture":"#0"},"east":{"uv":[6,7,7,7.5],"texture":"#0"},"south":{"uv":[4,1.5,8,2],"texture":"#0"},"west":{"uv":[7,7,8,7.5],"texture":"#0"},"up":{"uv":[4,1,0,0],"texture":"#0"},"down":{"uv":[4,1,0,2],"texture":"#0"}}},{"from":[0,3,12],"to":[16,5,16],"rotation":{"angle":0,"axis":"z","origin":[8,8,14.5]},"faces":{"north":{"uv":[4,3,8,3.5],"texture":"#0"},"east":{"uv":[8,0,9,0.5],"texture":"#0"},"south":{"uv":[4,3.5,8,4],"texture":"#0"},"west":{"uv":[8,0.5,9,1],"texture":"#0"},"up":{"uv":[4,5,0,4],"texture":"#0"},"down":{"uv":[8,0,4,1],"texture":"#0"}}},{"from":[14,1,12],"to":[16,2,16],"rotation":{"angle":0,"axis":"z","origin":[8,8,14.5]},"faces":{"north":{"uv":[7,9,7.5,9.25],"texture":"#0"},"east":{"uv":[0,9,1,9.25],"texture":"#0"},"south":{"uv":[9,7,9.5,7.25],"texture":"#0"},"west":{"uv":[9,0,10,0.25],"texture":"#0"},"up":{"uv":[8.5,2,8,1],"texture":"#0"},"down":{"uv":[8.5,2,8,3],"texture":"#0"}}},{"from":[14,1,6],"to":[16,2,10],"rotation":{"angle":0,"axis":"z","origin":[8,8,14.5]},"faces":{"north":{"uv":[9,8.5,9.5,8.75],"texture":"#0"},"east":{"uv":[2,9,3,9.25],"texture":"#0"},"south":{"uv":[9,8.75,9.5,9],"texture":"#0"},"west":{"uv":[9,2,10,2.25],"texture":"#0"},"up":{"uv":[8.5,8,8,7],"texture":"#0"},"down":{"uv":[8,8,7.5,9],"texture":"#0"}}},{"from":[14,1,0],"to":[16,2,4],"rotation":{"angle":0,"axis":"z","origin":[8,8,14.5]},"faces":{"north":{"uv":[9,7.25,9.5,7.5],"texture":"#0"},"east":{"uv":[9,0.25,10,0.5],"texture":"#0"},"south":{"uv":[7.5,9,8,9.25],"texture":"#0"},"west":{"uv":[9,0.5,10,0.75],"texture":"#0"},"up":{"uv":[8.5,4,8,3],"texture":"#0"},"down":{"uv":[4.5,8,4,9],"texture":"#0"}}},{"from":[0,1,0],"to":[2,2,4],"rotation":{"angle":0,"axis":"z","origin":[8,8,14.5]},"faces":{"north":{"uv":[8,9,8.5,9.25],"texture":"#0"},"east":{"uv":[9,1,10,1.25],"texture":"#0"},"south":{"uv":[9,8,9.5,8.25],"texture":"#0"},"west":{"uv":[9,1.25,10,1.5],"texture":"#0"},"up":{"uv":[6,9,5.5,8],"texture":"#0"},"down":{"uv":[6.5,8,6,9],"texture":"#0"}}},{"from":[0,1,12],"to":[2,2,16],"rotation":{"angle":0,"axis":"z","origin":[8,8,14.5]},"faces":{"north":{"uv":[9,7.5,9.5,7.75],"texture":"#0"},"east":{"uv":[9,0.75,10,1],"texture":"#0"},"south":{"uv":[9,7.75,9.5,8],"texture":"#0"},"west":{"uv":[1,9,2,9.25],"texture":"#0"},"up":{"uv":[5,9,4.5,8],"texture":"#0"},"down":{"uv":[5.5,8,5,9],"texture":"#0"}}},{"from":[0,1,6],"to":[2,2,10],"rotation":{"angle":0,"axis":"z","origin":[8,8,14.5]},"faces":{"north":{"uv":[9,8.25,9.5,8.5],"texture":"#0"},"east":{"uv":[9,1.5,10,1.75],"texture":"#0"},"south":{"uv":[8.5,9,9,9.25],"texture":"#0"},"west":{"uv":[9,1.75,10,2],"texture":"#0"},"up":{"uv":[7,9,6.5,8],"texture":"#0"},"down":{"uv":[7.5,8,7,9],"texture":"#0"}}},{"from":[0,0,0],"to":[2,1,16],"rotation":{"angle":0,"axis":"z","origin":[8,8,14.5]},"faces":{"north":{"uv":[9,3.5,9.5,3.75],"texture":"#0"},"east":{"uv":[6,4,10,4.25],"texture":"#0"},"south":{"uv":[9,3.75,9.5,4],"texture":"#0"},"west":{"uv":[6,4.25,10,4.5],"texture":"#0"},"up":{"uv":[4.5,8,4,4],"texture":"#0"},"down":{"uv":[5,4,4.5,8],"texture":"#0"}}},{"from":[14,0,0],"to":[16,1,16],"rotation":{"angle":0,"axis":"z","origin":[8,8,14.5]},"faces":{"north":{"uv":[4,9,4.5,9.25],"texture":"#0"},"east":{"uv":[6,4.5,10,4.75],"texture":"#0"},"south":{"uv":[4.5,9,5,9.25],"texture":"#0"},"west":{"uv":[6,4.75,10,5],"texture":"#0"},"up":{"uv":[0.5,9,0,5],"texture":"#0"},"down":{"uv":[1,5,0.5,9],"texture":"#0"}}},{"from":[14,2,0],"to":[16,3,16],"rotation":{"angle":0,"axis":"z","origin":[8,8,14.5]},"faces":{"north":{"uv":[6,9,6.5,9.25],"texture":"#0"},"east":{"uv":[6,5.5,10,5.75],"texture":"#0"},"south":{"uv":[6.5,9,7,9.25],"texture":"#0"},"west":{"uv":[6,5.75,10,6],"texture":"#0"},"up":{"uv":[2.5,9,2,5],"texture":"#0"},"down":{"uv":[3,5,2.5,9],"texture":"#0"}}},{"from":[0,2,0],"to":[2,3,16],"rotation":{"angle":0,"axis":"z","origin":[8,8,14.5]},"faces":{"north":{"uv":[5,9,5.5,9.25],"texture":"#0"},"east":{"uv":[6,5,10,5.25],"texture":"#0"},"south":{"uv":[5.5,9,6,9.25],"texture":"#0"},"west":{"uv":[6,5.25,10,5.5],"texture":"#0"},"up":{"uv":[1.5,9,1,5],"texture":"#0"},"down":{"uv":[2,5,1.5,9],"texture":"#0"}}},{"from":[7,1,12],"to":[9,2,16],"rotation":{"angle":0,"axis":"z","origin":[8,8,14.5]},"faces":{"north":{"uv":[3.5,9.25,4,9.5],"texture":"#0"},"east":{"uv":[9,3,10,3.25],"texture":"#0"},"south":{"uv":[4,9.25,4.5,9.5],"texture":"#0"},"west":{"uv":[9,3.25,10,3.5],"texture":"#0"},"up":{"uv":[9,8,8.5,7],"texture":"#0"},"down":{"uv":[9,8,8.5,9],"texture":"#0"}}},{"from":[7,2,0],"to":[9,3,16],"rotation":{"angle":0,"axis":"z","origin":[8,8,14.5]},"faces":{"north":{"uv":[2.5,9.25,3,9.5],"texture":"#0"},"east":{"uv":[6,6.5,10,6.75],"texture":"#0"},"south":{"uv":[3,9.25,3.5,9.5],"texture":"#0"},"west":{"uv":[6,6.75,10,7],"texture":"#0"},"up":{"uv":[5.5,8,5,4],"texture":"#0"},"down":{"uv":[6,4,5.5,8],"texture":"#0"}}},{"from":[7,1,6],"to":[9,2,10],"rotation":{"angle":0,"axis":"z","origin":[8,8,14.5]},"faces":{"north":{"uv":[1.5,9.25,2,9.5],"texture":"#0"},"east":{"uv":[9,2.75,10,3],"texture":"#0"},"south":{"uv":[2,9.25,2.5,9.5],"texture":"#0"},"west":{"uv":[3,9,4,9.25],"texture":"#0"},"up":{"uv":[9,3,8.5,2],"texture":"#0"},"down":{"uv":[9,3,8.5,4],"texture":"#0"}}},{"from":[7,0,0],"to":[9,1,16],"rotation":{"angle":0,"axis":"z","origin":[8,8,14.5]},"faces":{"north":{"uv":[0.5,9.25,1,9.5],"texture":"#0"},"east":{"uv":[6,6,10,6.25],"texture":"#0"},"south":{"uv":[1,9.25,1.5,9.5],"texture":"#0"},"west":{"uv":[6,6.25,10,6.5],"texture":"#0"},"up":{"uv":[3.5,9,3,5],"texture":"#0"},"down":{"uv":[4,5,3.5,9],"texture":"#0"}}},{"from":[7,1,0],"to":[9,2,4],"rotation":{"angle":0,"axis":"z","origin":[8,8,14.5]},"faces":{"north":{"uv":[9,9,9.5,9.25],"texture":"#0"},"east":{"uv":[9,2.25,10,2.5],"texture":"#0"},"south":{"uv":[0,9.25,0.5,9.5],"texture":"#0"},"west":{"uv":[9,2.5,10,2.75],"texture":"#0"},"up":{"uv":[8.5,9,8,8],"texture":"#0"},"down":{"uv":[9,1,8.5,2],"texture":"#0"}}}],"display":{"thirdperson_righthand":{"rotation":[60,-160,0],"translation":[0,1.75,1],"scale":[0.35586,0.35586,0.35586]},"thirdperson_lefthand":{"rotation":[60,-160,0],"translation":[0,1.75,1],"scale":[0.35586,0.35586,0.35586]},"firstperson_righthand":{"rotation":[0,-73,6],"translation":[3.25,1.5,0],"scale":[0.19492,0.19492,0.19492]},"firstperson_lefthand":{"rotation":[0,-73,6],"translation":[2.5,2,0],"scale":[0.19492,0.19492,0.19492]},"ground":{"translation":[0,1.5,0],"scale":[0.35,0.35,0.35]},"gui":{"rotation":[50.62,-51.88,4.12],"translation":[-0.25,3.25,0],"scale":[0.70196,0.70196,0.70196]},"head":{"translation":[0,-30.4,0],"scale":[1.6,1.6,1.6]},"fixed":{"rotation":[-90,-180,0],"translation":[0,0,-15],"scale":[2,2,2]}}}